,P1_lpo_loRa,P1_ratio_loRa,P1_conc_loRa,P2_lpo_loRa,P2_ratio_loRa,P2_conc_loRa,Temperature_loRa,Pressure_loRa,Humidity_loRa
167,0,0.0,0.62,115533,0.77,399.38,18.1,98901,80
353,0,0.0,0.62,129575,0.86,447.69,17.18,98910,83
204,21151,0.14,73.87,266536,1.78,918.78,17.63,98881,83
1444,0,0.0,0.62,111801,0.75,386.54,23.55,98342,42
1742,0,0.0,0.62,0,0.0,0.62,22.31,98182,44
1961,0,0.0,0.62,19867,0.13,69.43,20.79,98143,48
525,0,0.0,0.62,143418,0.96,495.29,27.78,98772,32
1810,91823,0.61,317.77,305516,2.04,1053.27,21.96,98153,46
164,0,0.0,0.62,64772,0.43,224.54,18.03,98910,80
227,94138,0.63,325.74,307520,2.05,1060.2,17.69,98892,83
795,0,0.0,0.62,0,0.0,0.62,26.16,98824,34
1114,88678,0.59,306.94,247966,1.65,854.82,26.43,98446,36
1851,0,0.0,0.62,0,0.0,0.62,21.53,98140,46
951,0,0.0,0.62,112056,0.75,387.42,32.7,98454,21
1580,0,0.0,0.62,10217,0.07,36.02,22.87,98276,42
536,0,0.0,0.62,0,0.0,0.62,27.59,98781,32
433,0,0.0,0.62,0,0.0,0.62,27.04,98887,43
1509,0,0.0,0.62,80152,0.53,277.56,23.18,98327,40
438,0,0.0,0.62,113493,0.76,392.36,27.27,98904,43
486,0,0.0,0.62,4314,0.03,15.57,27.59,98780,35
1552,0,0.0,0.62,95480,0.64,330.36,23.24,98303,40
1593,0,0.0,0.62,34199,0.23,118.99,22.83,98278,42
1031,192776,1.29,664.97,320143,2.13,1103.83,32.47,98422,22
817,0,0.0,0.62,0,0.0,0.62,25.75,98854,34
1420,0,0.0,0.62,22385,0.15,78.14,23.56,98353,43
1941,0,0.0,0.62,48986,0.33,170.07,21.05,98156,48
1871,170975,1.14,590.03,221935,1.48,765.24,21.37,98143,46
1556,40636,0.27,141.23,293888,1.96,1013.12,23.13,98299,40
135,155603,1.04,537.18,410805,2.74,1418.84,18.33,98927,80
618,0,0.0,0.62,13096,0.09,45.99,29.77,98774,27
546,0,0.0,0.62,0,0.0,0.62,27.67,98772,30
308,140414,0.94,484.96,661617,4.41,2314.69,17.2,98910,85
1766,0,0.0,0.62,0,0.0,0.62,22.08,98164,45
963,182846,1.22,630.83,228269,1.52,787.03,32.66,98447,21
797,0,0.0,0.62,0,0.0,0.62,26.1,98824,34
1140,0,0.0,0.62,240206,1.6,828.11,25.72,98434,38
1289,0,0.0,0.62,115277,0.77,398.5,24.14,98421,43
192,0,0.0,0.62,220264,1.47,759.49,17.92,98894,81
541,216087,1.44,745.12,258442,1.72,890.9,27.58,98770,30
1577,0,0.0,0.62,0,0.0,0.62,22.88,98282,42
1611,0,0.0,0.62,0,0.0,0.62,22.73,98278,42
478,0,0.0,0.62,0,0.0,0.62,27.58,98793,37
151,0,0.0,0.62,338547,2.26,1167.54,18.43,98925,79
128,183191,1.22,632.02,558778,3.73,1941.85,18.01,98912,80
1087,0,0.0,0.62,19684,0.13,68.79,26.59,98435,35
1146,0,0.0,0.62,224614,1.5,774.45,25.59,98427,38
1410,0,0.0,0.62,63467,0.42,220.04,23.65,98360,44
875,0,0.0,0.62,83045,0.55,287.53,24.42,98946,38
694,0,0.0,0.62,0,0.0,0.62,29.02,98787,26
183,0,0.0,0.62,362480,2.42,1250.55,18.12,98898,81
459,0,0.0,0.62,136199,0.91,470.47,27.8,98875,39
974,0,0.0,0.62,0,0.0,0.62,33.22,98453,21
334,0,0.0,0.62,205178,1.37,707.61,17.22,98916,84
1733,0,0.0,0.62,212597,1.42,733.12,22.46,98181,44
788,0,0.0,0.62,0,0.0,0.62,26.2,98822,34
1546,0,0.0,0.62,5753,0.04,20.56,23.26,98301,40
1823,0,0.0,0.62,0,0.0,0.62,21.95,98152,46
823,74979,0.5,259.74,141239,0.94,487.8,25.67,98860,34
1263,0,0.0,0.62,0,0.0,0.62,24.85,98429,42
72,0,0.0,0.62,42893,0.29,149.03,18.29,98913,79
528,0,0.0,0.62,0,0.0,0.62,27.88,98770,32
1399,107447,0.72,371.56,426441,2.84,1473.51,23.79,98365,45
30,0,0.0,0.62,174110,1.16,600.8,18.94,98863,75
1532,0,0.0,0.62,260485,1.74,897.94,23.29,98309,40
1082,0,0.0,0.62,209104,1.39,721.11,26.51,98434,35
1581,97343,0.65,336.78,307592,2.05,1060.45,22.89,98278,42
558,0,0.0,0.62,0,0.0,0.62,27.9,98777,28
309,0,0.0,0.62,398944,2.66,1377.44,17.19,98911,85
367,0,0.0,0.62,503252,3.36,1743.99,17.31,98938,82
1202,0,0.0,0.62,132697,0.88,458.42,25.1,98424,41
1003,12035,0.08,42.32,352160,2.35,1214.73,32.65,98433,23
1489,0,0.0,0.62,12683,0.08,44.56,23.34,98343,41
18,0,0.0,0.62,92884,0.62,321.42,18.92,98858,74
2006,0,0.0,0.62,0,0.0,0.62,20.92,98129,49
1169,0,0.0,0.62,77531,0.52,268.53,25.43,98431,39
74,96337,0.64,333.31,492492,3.28,1705.89,18.37,98913,79
652,0,0.0,0.62,0,0.0,0.62,28.93,98777,28
1002,0,0.0,0.62,0,0.0,0.62,32.55,98435,22
731,0,0.0,0.62,33180,0.22,115.47,28.52,98788,29
950,0,0.0,0.62,0,0.0,0.62,32.87,98453,20
1536,0,0.0,0.62,64246,0.43,222.73,23.27,98307,40
1776,0,0.0,0.62,0,0.0,0.62,22.07,98174,45
1348,0,0.0,0.62,8342,0.06,29.53,24.15,98380,44
1816,0,0.0,0.62,0,0.0,0.62,21.94,98154,46
902,0,0.0,0.62,41700,0.28,144.91,24.26,98960,38
472,0,0.0,0.62,76020,0.51,263.32,27.19,98856,40
807,0,0.0,0.62,65700,0.44,227.74,25.97,98844,34
78,0,0.0,0.62,57323,0.38,198.85,18.31,98911,79
177,0,0.0,0.62,190013,1.27,655.47,18.07,98894,81
284,0,0.0,0.62,259183,1.73,893.45,17.13,98911,84
1095,0,0.0,0.62,0,0.0,0.62,26.46,98441,35
1322,0,0.0,0.62,120848,0.81,417.67,24.32,98409,43
753,0,0.0,0.62,0,0.0,0.62,26.79,98798,32
1372,0,0.0,0.62,7912,0.05,28.04,23.79,98367,44
1824,0,0.0,0.62,0,0.0,0.62,21.97,98155,46
1208,102193,0.68,353.47,301460,2.01,1039.26,24.95,98425,41
325,0,0.0,0.62,213898,1.43,737.6,17.22,98902,85
592,0,0.0,0.62,281,0.0,1.59,29.01,98772,25
219,211010,1.41,727.66,346428,2.31,1194.85,17.86,98887,82
1496,161115,1.07,556.13,279693,1.86,964.14,23.25,98340,41
238,0,0.0,0.62,305378,2.04,1052.8,17.28,98913,85
1179,0,0.0,0.62,0,0.0,0.62,25.43,98438,39
387,141566,0.94,488.92,460630,3.07,1593.49,17.25,98932,82
782,0,0.0,0.62,0,0.0,0.62,26.21,98814,33
801,0,0.0,0.62,27801,0.19,96.87,26.1,98827,34
97,45958,0.31,159.62,404855,2.7,1398.06,18.82,98918,77
1058,0,0.0,0.62,109280,0.73,377.87,26.8,98426,34
894,0,0.0,0.62,33670,0.22,117.16,24.3,98953,38
1980,0,0.0,0.62,0,0.0,0.62,20.77,98135,49
1570,0,0.0,0.62,0,0.0,0.62,22.94,98288,41
2051,0,0.0,0.62,0,0.0,0.62,20.74,98132,52
1951,0,0.0,0.62,33892,0.23,117.93,21.04,98154,48
122,0,0.0,0.62,27464,0.18,95.71,18.0,98916,81
1799,0,0.0,0.62,46902,0.31,162.88,21.85,98167,46
347,0,0.0,0.62,59364,0.4,205.89,17.21,98918,84
1091,0,0.0,0.62,35786,0.24,124.48,26.5,98439,35
625,0,0.0,0.62,0,0.0,0.62,29.68,98786,27
1426,0,0.0,0.62,0,0.0,0.62,23.47,98346,43
418,71837,0.48,248.9,232399,1.55,801.24,26.93,98901,45
590,0,0.0,0.62,15501,0.1,54.32,28.91,98779,27
1729,0,0.0,0.62,0,0.0,0.62,22.45,98180,44
390,0,0.0,0.62,193043,1.29,665.89,17.22,98928,82
482,0,0.0,0.62,0,0.0,0.62,27.63,98786,35
1736,0,0.0,0.62,65626,0.44,227.49,22.48,98181,44
641,3183,0.02,11.65,285201,1.9,983.14,29.0,98776,27
1096,37600,0.25,130.75,435226,2.9,1504.28,26.44,98443,35
1700,0,0.0,0.62,0,0.0,0.62,22.36,98193,43
517,0,0.0,0.62,29462,0.2,102.62,27.64,98778,33
1032,0,0.0,0.62,120005,0.8,414.77,32.56,98425,22
1441,0,0.0,0.62,0,0.0,0.62,23.48,98337,42
92,49098,0.33,170.46,469726,3.13,1625.52,18.53,98916,78
1119,0,0.0,0.62,0,0.0,0.62,26.3,98448,36
1727,0,0.0,0.62,0,0.0,0.62,22.43,98184,44
1960,211538,1.41,729.48,293291,1.96,1011.06,20.78,98140,48
1477,0,0.0,0.62,78203,0.52,270.85,23.52,98342,41
1658,164195,1.09,566.72,225585,1.5,777.8,22.49,98223,43
1613,0,0.0,0.62,109937,0.73,380.13,22.65,98275,42
1848,6094,0.04,21.74,138793,0.93,479.39,21.53,98145,46
1067,0,0.0,0.62,84683,0.56,293.17,26.47,98433,34
1781,0,0.0,0.62,0,0.0,0.62,22.01,98167,45
130,0,0.0,0.62,130193,0.87,449.81,18.1,98921,80
1770,0,0.0,0.62,0,0.0,0.62,22.02,98166,45
256,0,0.0,0.62,191704,1.28,661.28,17.19,98902,85
182,0,0.0,0.62,167453,1.12,577.92,18.06,98895,81
790,0,0.0,0.62,63004,0.42,218.44,26.21,98823,34
2058,73639,0.49,255.12,162046,1.08,559.33,20.69,98121,52
621,193670,1.29,668.04,243012,1.62,837.77,29.66,98776,27
75,107222,0.71,370.78,557552,3.72,1937.46,18.41,98909,78
1267,0,0.0,0.62,0,0.0,0.62,24.78,98429,42
584,0,0.0,0.62,0,0.0,0.62,28.76,98773,25
2041,0,0.0,0.62,11001,0.07,38.74,20.8,98132,51
1678,94349,0.63,326.47,135855,0.91,469.28,22.26,98201,43
73,0,0.0,0.62,36635,0.24,127.41,18.28,98905,79
388,85717,0.57,296.74,518812,3.46,1799.22,17.24,98928,82
1230,0,0.0,0.62,0,0.0,0.62,25.01,98433,42
657,0,0.0,0.62,109459,0.73,378.48,28.97,98782,28
1174,0,0.0,0.62,0,0.0,0.62,25.52,98433,39
1923,68890,0.46,238.74,140071,0.93,483.78,21.3,98149,47
212,0,0.0,0.62,205799,1.37,709.74,17.61,98880,83
374,0,0.0,0.62,149959,1.0,517.78,17.27,98931,83
1857,0,0.0,0.62,182974,1.22,631.27,21.52,98147,46
1502,0,0.0,0.62,0,0.0,0.62,23.26,98332,41
1640,0,0.0,0.62,0,0.0,0.62,22.73,98248,42
68,0,0.0,0.62,188987,1.26,651.94,18.14,98903,79
1679,48454,0.32,168.23,123780,0.83,427.75,22.27,98197,43
1988,0,0.0,0.62,60304,0.4,209.13,20.88,98133,49
1525,0,0.0,0.62,231640,1.54,798.63,23.24,98318,40
702,0,0.0,0.62,0,0.0,0.62,29.28,98780,26
841,0,0.0,0.62,203621,1.36,702.26,24.96,98920,37
1726,0,0.0,0.62,61339,0.41,212.7,22.42,98182,44
1964,322112,2.15,1110.64,430306,2.87,1487.04,20.82,98146,49
826,0,0.0,0.62,0,0.0,0.62,25.64,98866,35
834,0,0.0,0.62,193145,1.29,666.24,25.15,98921,36
1017,0,0.0,0.62,212112,1.41,731.45,32.58,98429,23
1378,137304,0.92,474.27,363810,2.43,1255.17,23.81,98363,45
1890,0,0.0,0.62,0,0.0,0.62,21.28,98148,46
1856,20260,0.14,70.79,211193,1.41,728.29,21.51,98142,46
1168,159580,1.06,550.85,383086,2.55,1322.19,25.41,98433,39
856,28736,0.19,100.11,150300,1.0,518.95,24.72,98927,37
1233,158117,1.05,545.83,260705,1.74,898.69,25.04,98431,42
1209,0,0.0,0.62,88368,0.59,305.87,24.98,98427,41
449,0,0.0,0.62,0,0.0,0.62,27.55,98885,40
113,261549,1.74,901.6,480797,3.21,1664.57,18.37,98919,79
848,0,0.0,0.62,55226,0.37,191.61,24.85,98927,37
684,0,0.0,0.62,0,0.0,0.62,28.92,98787,27
999,0,0.0,0.62,97074,0.65,335.85,32.91,98439,22
520,0,0.0,0.62,0,0.0,0.62,27.69,98772,31
1528,207338,1.38,715.04,255748,1.7,881.62,23.23,98316,40
1672,0,0.0,0.62,0,0.0,0.62,22.27,98214,43
1768,0,0.0,0.62,0,0.0,0.62,22.05,98171,45
392,0,0.0,0.62,16075,0.11,56.3,17.22,98926,83
1904,0,0.0,0.62,0,0.0,0.62,21.31,98138,46
447,64247,0.43,222.73,168677,1.12,582.13,27.56,98892,42
765,0,0.0,0.62,0,0.0,0.62,26.49,98808,33
1415,0,0.0,0.62,0,0.0,0.62,23.47,98353,43
973,0,0.0,0.62,0,0.0,0.62,33.15,98452,22
1902,0,0.0,0.62,32894,0.22,114.48,21.34,98140,46
560,0,0.0,0.62,0,0.0,0.62,27.89,98775,28
1757,0,0.0,0.62,0,0.0,0.62,22.19,98178,44
1846,0,0.0,0.62,8302,0.06,29.39,21.57,98145,46
409,0,0.0,0.62,0,0.0,0.62,26.39,98910,45
748,0,0.0,0.62,0,0.0,0.62,27.01,98796,31
1962,0,0.0,0.62,53022,0.35,184.0,20.81,98146,48
796,96463,0.64,333.75,156456,1.04,540.11,26.13,98826,33
1513,0,0.0,0.62,0,0.0,0.62,23.19,98325,40
1541,0,0.0,0.62,0,0.0,0.62,23.13,98304,40
1215,145835,0.97,503.6,307064,2.05,1058.62,24.87,98433,42
1754,0,0.0,0.62,5999,0.04,21.41,22.19,98177,44
420,108323,0.72,374.57,185850,1.24,641.16,26.91,98903,46
549,105364,0.7,364.39,184276,1.23,635.75,27.78,98769,29
313,10579,0.07,37.28,249523,1.66,860.18,17.21,98903,85
838,0,0.0,0.62,114352,0.76,395.32,25.04,98921,36
860,115112,0.77,397.93,161590,1.08,557.76,24.63,98936,37
1741,0,0.0,0.62,0,0.0,0.62,22.28,98182,44
734,0,0.0,0.62,58639,0.39,203.39,28.5,98788,28
1501,0,0.0,0.62,49974,0.33,173.48,23.27,98335,41
1649,214160,1.43,738.5,282362,1.88,973.35,22.74,98241,42
1102,0,0.0,0.62,129997,0.87,449.14,26.47,98444,35
361,48591,0.32,168.71,288717,1.92,995.27,17.27,98917,83
1764,0,0.0,0.62,0,0.0,0.62,22.08,98169,45
1655,50973,0.34,176.93,132075,0.88,456.28,22.62,98236,42
780,0,0.0,0.62,8492,0.06,30.05,26.21,98815,33
750,0,0.0,0.62,0,0.0,0.62,26.92,98800,32
1926,0,0.0,0.62,323144,2.15,1114.21,21.3,98152,47
662,44655,0.3,155.12,85887,0.57,297.32,28.85,98785,28
1506,0,0.0,0.62,0,0.0,0.62,23.18,98329,41
1844,0,0.0,0.62,11026,0.07,38.82,21.61,98142,46
678,74260,0.5,257.26,131309,0.88,453.65,28.71,98778,27
1931,0,0.0,0.62,0,0.0,0.62,21.08,98154,47
1920,0,0.0,0.62,0,0.0,0.62,21.32,98149,47
1635,68972,0.46,239.03,224799,1.5,775.09,22.63,98256,43
99,0,0.0,0.62,107746,0.72,372.59,18.93,98915,77
818,0,0.0,0.62,0,0.0,0.62,25.73,98856,34
274,0,0.0,0.62,240030,1.6,827.5,17.2,98911,84
602,0,0.0,0.62,576,0.0,2.62,29.59,98773,25
1562,175772,1.17,606.51,249346,1.66,859.57,22.96,98291,41
1538,0,0.0,0.62,0,0.0,0.62,23.24,98310,40
824,0,0.0,0.62,0,0.0,0.62,25.67,98861,35
524,0,0.0,0.62,45665,0.3,158.6,27.76,98768,31
1301,0,0.0,0.62,33667,0.22,117.15,24.21,98408,43
1046,53464,0.36,185.53,369547,2.46,1275.1,32.52,98422,23
1129,0,0.0,0.62,149126,0.99,514.92,25.99,98445,37
1554,0,0.0,0.62,22217,0.15,77.56,23.23,98293,40
1905,0,0.0,0.62,51444,0.34,178.56,21.32,98140,46
1657,0,0.0,0.62,81598,0.54,282.55,22.5,98225,43
1407,49739,0.33,172.67,212284,1.42,732.04,23.64,98363,44
1618,58960,0.39,204.49,124245,0.83,429.35,22.63,98270,42
1656,0,0.0,0.62,0,0.0,0.62,22.56,98229,42
1909,113670,0.76,392.97,441155,2.94,1525.07,21.27,98145,46
1685,0,0.0,0.62,16761,0.11,58.68,22.37,98202,43
1434,0,0.0,0.62,54495,0.36,189.09,23.47,98343,43
1001,0,0.0,0.62,0,0.0,0.62,32.58,98435,22
940,0,0.0,0.62,0,0.0,0.62,31.75,98499,22
1735,48460,0.32,168.26,179644,1.2,619.83,22.45,98182,44
56,0,0.0,0.62,77856,0.52,269.65,18.21,98890,79
1841,0,0.0,0.62,0,0.0,0.62,21.6,98148,46
1753,0,0.0,0.62,0,0.0,0.62,22.23,98179,44
381,0,0.0,0.62,0,0.0,0.62,17.27,98927,82
1154,72643,0.48,251.68,343265,2.29,1183.89,25.6,98432,39
1333,0,0.0,0.62,114070,0.76,394.35,24.13,98395,44
1739,0,0.0,0.62,0,0.0,0.62,22.51,98179,44
2050,0,0.0,0.62,20204,0.13,70.59,20.74,98117,52
1984,0,0.0,0.62,117772,0.79,407.09,20.87,98140,49
886,0,0.0,0.62,146066,0.97,504.39,24.37,98943,38
870,0,0.0,0.62,3276,0.02,11.97,24.48,98949,37
904,0,0.0,0.62,191278,1.28,659.82,24.24,98957,38
859,169143,1.13,583.73,231473,1.54,798.05,24.65,98932,37
1337,18962,0.13,66.3,256466,1.71,884.09,24.16,98392,44
207,43062,0.29,149.61,393772,2.63,1359.41,17.63,98878,83
2048,0,0.0,0.62,109916,0.73,380.05,20.75,98126,51
1913,0,0.0,0.62,0,0.0,0.62,21.29,98149,46
1117,0,0.0,0.62,17980,0.12,62.9,26.4,98449,36
440,0,0.0,0.62,67411,0.45,233.64,27.33,98888,41
1343,0,0.0,0.62,0,0.0,0.62,24.17,98385,43
1642,0,0.0,0.62,8225,0.05,29.12,22.73,98248,42
1423,0,0.0,0.62,139529,0.93,481.92,23.52,98354,43
1586,0,0.0,0.62,0,0.0,0.62,22.83,98274,42
1462,0,0.0,0.62,41564,0.28,144.44,23.61,98343,41
1488,0,0.0,0.62,119791,0.8,414.03,23.35,98345,41
1302,0,0.0,0.62,75654,0.5,262.06,24.32,98410,43
267,0,0.0,0.62,224823,1.5,775.17,17.16,98904,84
1254,56674,0.38,196.61,176625,1.18,609.45,24.84,98433,42
1738,0,0.0,0.62,0,0.0,0.62,22.48,98177,44
1573,152775,1.02,527.46,192812,1.29,665.09,22.88,98275,41
1303,100125,0.67,346.35,299591,2.0,1032.81,24.43,98409,43
967,0,0.0,0.62,24529,0.16,85.56,32.71,98451,21
1226,0,0.0,0.62,0,0.0,0.62,24.84,98435,42
565,0,0.0,0.62,80025,0.53,277.13,28.06,98782,28
1866,0,0.0,0.62,101176,0.67,349.97,21.45,98145,46
253,0,0.0,0.62,541202,3.61,1878.98,17.23,98910,85
328,0,0.0,0.62,660547,4.4,2310.76,17.2,98906,84
1149,0,0.0,0.62,0,0.0,0.62,25.56,98427,38
1339,0,0.0,0.62,10073,0.07,35.52,24.24,98393,43
324,0,0.0,0.62,134092,0.89,463.22,17.22,98895,85
1549,0,0.0,0.62,46836,0.31,162.65,23.33,98299,40
1661,93167,0.62,322.4,164413,1.1,567.47,22.45,98218,43
1137,34039,0.23,118.44,405429,2.7,1400.07,25.88,98434,38
464,24673,0.16,86.06,222193,1.48,766.13,27.59,98866,39
1965,0,0.0,0.62,178220,1.19,614.93,20.82,98145,49
417,0,0.0,0.62,175762,1.17,606.48,26.79,98902,46
1476,0,0.0,0.62,5566,0.04,19.91,23.51,98336,41
1272,0,0.0,0.62,140426,0.94,485.0,24.48,98428,43
1257,0,0.0,0.62,104779,0.7,362.37,24.94,98436,42
1245,0,0.0,0.62,121261,0.81,419.09,24.99,98422,42
1409,0,0.0,0.62,48195,0.32,167.34,23.65,98357,44
302,74228,0.49,257.15,549613,3.66,1909.04,17.17,98912,85
527,0,0.0,0.62,0,0.0,0.62,27.84,98776,32
994,0,0.0,0.62,40148,0.27,139.55,33.1,98439,22
1424,172072,1.15,593.8,364885,2.43,1258.9,23.53,98345,43
52,109623,0.73,379.05,506329,3.38,1754.9,18.3,98888,78
363,0,0.0,0.62,88255,0.59,305.48,17.28,98928,83
40,55859,0.37,193.79,279940,1.87,964.99,18.51,98870,76
723,46209,0.31,160.48,236862,1.58,816.6,28.72,98783,28
1693,15288,0.1,53.58,219310,1.46,756.21,22.33,98198,43
1459,174340,1.16,601.59,278414,1.86,959.73,23.62,98346,41
1380,0,0.0,0.62,89304,0.6,309.09,23.8,98366,45
83,0,0.0,0.62,370910,2.47,1279.84,18.57,98911,78
1375,0,0.0,0.62,169915,1.13,586.38,23.87,98358,44
1794,0,0.0,0.62,29281,0.2,101.99,21.8,98165,46
928,0,0.0,0.62,0,0.0,0.62,32.01,98514,21
82,0,0.0,0.62,125290,0.84,432.95,18.49,98910,78
1173,0,0.0,0.62,0,0.0,0.62,25.54,98432,39
1065,0,0.0,0.62,6738,0.04,23.97,26.43,98428,34
1861,0,0.0,0.62,0,0.0,0.62,21.5,98148,46
2018,0,0.0,0.62,0,0.0,0.62,20.87,98129,49
650,0,0.0,0.62,102559,0.68,354.73,28.96,98775,28
1250,0,0.0,0.62,18517,0.12,64.76,24.74,98431,42
872,0,0.0,0.62,0,0.0,0.62,24.45,98944,37
890,0,0.0,0.62,116843,0.78,403.89,24.34,98949,38
1210,0,0.0,0.62,85913,0.57,297.41,24.97,98428,41
1045,0,0.0,0.62,0,0.0,0.62,32.33,98417,23
1385,233956,1.56,806.6,370287,2.47,1277.67,23.66,98367,45
1647,0,0.0,0.62,28174,0.19,98.16,22.73,98243,42
1121,1871,0.01,7.11,118573,0.79,409.84,26.29,98446,36
1034,0,0.0,0.62,84940,0.57,294.06,32.73,98421,22
1527,0,0.0,0.62,14241,0.09,49.96,23.26,98316,40
1373,0,0.0,0.62,0,0.0,0.62,23.83,98368,44
6,0,0.0,0.62,24115,0.16,84.13,19.92,98870,69
1720,0,0.0,0.62,34425,0.23,119.77,22.49,98191,43
1686,0,0.0,0.62,0,0.0,0.62,22.35,98203,43
268,0,0.0,0.62,365738,2.44,1261.87,17.16,98902,85
1919,3240,0.02,11.85,116861,0.78,403.95,21.31,98152,46
1565,0,0.0,0.62,0,0.0,0.62,22.97,98294,41
1024,118359,0.79,409.11,304504,2.03,1049.78,32.14,98423,23
337,29283,0.2,102.0,664561,4.43,2325.5,17.25,98916,84
88,0,0.0,0.62,143082,0.95,494.13,18.47,98916,78
898,0,0.0,0.62,0,0.0,0.62,24.25,98954,38
1193,0,0.0,0.62,80842,0.54,279.94,25.26,98429,40
1956,0,0.0,0.62,67139,0.45,232.71,20.99,98152,48
1511,0,0.0,0.62,41209,0.27,143.21,23.14,98327,40
1887,124065,0.83,428.73,177687,1.18,613.1,21.3,98146,46
1950,212145,1.41,731.57,261737,1.74,902.25,21.04,98152,48
511,0,0.0,0.62,19419,0.13,67.88,27.55,98786,34
2019,0,0.0,0.62,113284,0.76,391.64,20.89,98127,49
1865,0,0.0,0.62,0,0.0,0.62,21.45,98146,46
1695,37008,0.25,128.7,100003,0.67,345.93,22.3,98195,43
610,0,0.0,0.62,15029,0.1,52.68,29.74,98768,26
1790,80536,0.54,278.89,172433,1.15,595.04,21.87,98169,46
635,0,0.0,0.62,0,0.0,0.62,29.26,98779,27
1470,0,0.0,0.62,0,0.0,0.62,23.63,98337,41
548,0,0.0,0.62,0,0.0,0.62,27.73,98770,30
512,0,0.0,0.62,63726,0.42,220.94,27.53,98772,32
1466,0,0.0,0.62,189793,1.27,654.71,23.67,98343,42
423,0,0.0,0.62,59904,0.4,207.75,26.68,98901,42
1755,0,0.0,0.62,0,0.0,0.62,22.19,98174,44
1479,78193,0.52,270.81,261372,1.74,900.99,23.51,98347,41
380,0,0.0,0.62,82663,0.55,286.22,17.27,98934,83
1514,0,0.0,0.62,0,0.0,0.62,23.15,98324,40
1145,0,0.0,0.62,0,0.0,0.62,25.59,98426,38
929,0,0.0,0.62,17166,0.11,60.08,32.04,98510,21
869,6133,0.04,21.87,437614,2.92,1512.65,24.52,98949,38
912,0,0.0,0.62,98623,0.66,341.18,24.19,98952,38
134,0,0.0,0.62,115480,0.77,399.2,18.27,98922,80
245,10977,0.07,38.65,208213,1.39,718.05,17.24,98907,85
638,0,0.0,0.62,0,0.0,0.62,29.32,98773,27
1996,0,0.0,0.62,0,0.0,0.62,20.91,98132,49
111,81913,0.55,283.63,255197,1.7,879.72,18.48,98923,78
98,0,0.0,0.62,127106,0.85,439.19,18.89,98919,77
1446,0,0.0,0.62,117539,0.78,406.28,23.59,98347,42
195,0,0.0,0.62,88404,0.59,305.99,17.84,98885,82
184,358254,2.39,1235.88,707043,4.71,2482.47,18.09,98897,81
1311,0,0.0,0.62,2753,0.02,10.16,24.28,98407,43
2017,0,0.0,0.62,0,0.0,0.62,20.86,98121,50
1310,158623,1.06,547.56,595421,3.97,2073.67,24.22,98409,43
1850,0,0.0,0.62,0,0.0,0.62,21.55,98140,46
1092,0,0.0,0.62,48115,0.32,167.06,26.49,98438,35
1935,190181,1.27,656.05,297368,1.98,1025.13,21.14,98152,47
1774,0,0.0,0.62,111896,0.75,386.87,22.05,98171,45
1157,0,0.0,0.62,172793,1.15,596.27,25.48,98432,39
100,164104,1.09,566.41,818567,5.46,2903.92,18.93,98913,76
211,0,0.0,0.62,236792,1.58,816.36,17.57,98879,83
897,0,0.0,0.62,34041,0.23,118.45,24.26,98955,38
496,0,0.0,0.62,5841,0.04,20.86,27.58,98801,36
1118,0,0.0,0.62,0,0.0,0.62,26.32,98449,36
982,196885,1.31,679.1,244454,1.63,842.73,33.64,98444,21
917,0,0.0,0.62,0,0.0,0.62,23.17,98955,39
669,0,0.0,0.62,0,0.0,0.62,28.76,98771,27
1918,79382,0.53,274.91,209055,1.39,720.94,21.31,98144,46
1015,50571,0.34,175.54,140761,0.94,486.15,32.58,98432,23
1524,52313,0.35,181.56,331397,2.21,1142.78,23.2,98321,40
979,0,0.0,0.62,114673,0.76,396.42,33.54,98444,21
351,299380,2.0,1032.08,690047,4.6,2419.46,17.2,98909,83
718,0,0.0,0.62,14011,0.09,49.16,29.01,98784,28
1539,73437,0.49,254.42,305822,2.04,1054.33,23.15,98308,40
1049,0,0.0,0.62,143454,0.96,495.41,32.78,98423,23
758,0,0.0,0.62,2898,0.02,10.66,26.59,98805,33
993,0,0.0,0.62,58608,0.39,203.28,33.29,98442,21
1344,167552,1.12,578.26,241588,1.61,832.86,24.22,98388,44
572,0,0.0,0.62,104239,0.69,360.52,28.24,98791,27
819,0,0.0,0.62,0,0.0,0.62,25.72,98856,34
1574,0,0.0,0.62,0,0.0,0.62,22.88,98281,41
1901,206974,1.38,713.78,569488,3.8,1980.27,21.35,98143,46
1028,0,0.0,0.62,94457,0.63,326.84,32.23,98422,23
804,0,0.0,0.62,0,0.0,0.62,26.02,98836,34
458,0,0.0,0.62,0,0.0,0.62,27.76,98870,39
1292,0,0.0,0.62,107820,0.72,372.84,24.13,98421,43
1166,80146,0.53,277.54,138696,0.92,479.05,25.46,98430,39
1473,0,0.0,0.62,56309,0.38,195.35,23.57,98340,41
23,0,0.0,0.62,2398,0.02,8.93,18.77,98859,75
692,0,0.0,0.62,0,0.0,0.62,29.03,98785,26
260,112206,0.75,387.93,562340,3.75,1954.62,17.19,98904,85
1504,0,0.0,0.62,0,0.0,0.62,23.2,98333,41
858,0,0.0,0.62,108311,0.72,374.53,24.66,98932,37
784,47635,0.32,165.41,144835,0.97,500.16,26.19,98817,34
1872,0,0.0,0.62,0,0.0,0.62,21.36,98141,46
1542,0,0.0,0.62,102706,0.68,355.24,23.19,98306,40
1089,81961,0.55,283.8,246954,1.65,851.34,26.57,98438,35
1880,0,0.0,0.62,0,0.0,0.62,21.32,98143,46
943,0,0.0,0.62,0,0.0,0.62,31.83,98504,21
2004,0,0.0,0.62,0,0.0,0.62,20.95,98123,49
880,0,0.0,0.62,120507,0.8,416.5,24.39,98945,38
622,0,0.0,0.62,55229,0.37,191.62,29.75,98776,27
988,0,0.0,0.62,0,0.0,0.62,33.65,98438,21
1170,122417,0.82,423.07,170909,1.14,589.8,25.47,98433,39
866,0,0.0,0.62,0,0.0,0.62,24.53,98938,37
1216,176705,1.18,609.72,244939,1.63,844.4,24.89,98434,42
2005,0,0.0,0.62,0,0.0,0.62,20.99,98124,49
1922,0,0.0,0.62,47990,0.32,166.63,21.31,98147,46
1111,0,0.0,0.62,16813,0.11,58.86,26.48,98451,36
1706,0,0.0,0.62,73390,0.49,254.26,22.42,98188,43
237,0,0.0,0.62,0,0.0,0.62,17.28,98902,85
101,0,0.0,0.62,172371,1.15,594.82,18.92,98916,77
983,176514,1.18,609.07,223008,1.49,768.93,33.75,98442,21
1455,0,0.0,0.62,116228,0.77,401.77,23.71,98353,41
448,0,0.0,0.62,0,0.0,0.62,27.55,98886,40
9,0,0.0,0.62,16822,0.11,58.89,19.66,98867,71
980,199242,1.33,687.2,342338,2.28,1180.68,33.64,98441,21
1858,0,0.0,0.62,1895,0.01,7.19,21.55,98145,46
1013,0,0.0,0.62,15200,0.1,53.28,32.42,98429,23
1461,0,0.0,0.62,129772,0.87,448.36,23.61,98341,42
330,0,0.0,0.62,159960,1.07,552.16,17.18,98906,85
1011,170382,1.14,587.99,243742,1.62,840.28,32.32,98430,23
574,0,0.0,0.62,102332,0.68,353.95,28.31,98787,26
793,52809,0.35,183.27,131421,0.88,454.04,26.23,98824,34
1445,0,0.0,0.62,0,0.0,0.62,23.54,98345,42
1467,0,0.0,0.62,71435,0.48,247.52,23.6,98344,42
2037,0,0.0,0.62,0,0.0,0.62,20.78,98129,51
107,36735,0.24,127.76,109221,0.73,377.66,18.7,98916,77
1287,31366,0.21,109.2,120337,0.8,415.91,24.16,98420,43
1374,0,0.0,0.62,106540,0.71,368.44,23.85,98365,44
1716,0,0.0,0.62,0,0.0,0.62,22.45,98191,43
391,0,0.0,0.62,281774,1.88,971.32,17.22,98930,83
683,0,0.0,0.62,53436,0.36,185.43,28.92,98786,27
1248,0,0.0,0.62,107252,0.72,370.89,24.85,98429,42
1412,0,0.0,0.62,0,0.0,0.62,23.54,98357,44
457,0,0.0,0.62,0,0.0,0.62,27.71,98870,39
1394,0,0.0,0.62,19628,0.13,68.6,23.76,98368,45
1162,145718,0.97,503.2,188041,1.25,648.69,25.49,98432,39
885,0,0.0,0.62,0,0.0,0.62,24.38,98945,38
1563,0,0.0,0.62,11581,0.08,40.75,22.96,98294,41
1206,0,0.0,0.62,7681,0.05,27.24,24.96,98430,41
1346,0,0.0,0.62,36197,0.24,125.9,24.14,98383,44
1435,0,0.0,0.62,1559,0.01,6.02,23.45,98343,43
281,0,0.0,0.62,72705,0.48,251.9,17.12,98906,84
1553,0,0.0,0.62,0,0.0,0.62,23.24,98299,40
1290,0,0.0,0.62,220358,1.47,759.81,24.21,98419,43
1643,0,0.0,0.62,0,0.0,0.62,22.7,98246,42
594,0,0.0,0.62,0,0.0,0.62,29.05,98773,27
279,151165,1.01,521.93,314698,2.1,1085.01,17.16,98910,84
220,186473,1.24,643.3,441226,2.94,1525.32,17.9,98885,82
10,0,0.0,0.62,0,0.0,0.62,19.54,98866,71
708,0,0.0,0.62,13322,0.09,46.77,29.28,98788,27
1443,0,0.0,0.62,56987,0.38,197.69,23.53,98341,42
202,69331,0.46,240.26,340402,2.27,1173.97,17.73,98884,83
69,20577,0.14,71.88,332681,2.22,1147.22,18.14,98896,80
1430,27140,0.18,94.59,292120,1.95,1007.02,23.43,98349,43
1318,0,0.0,0.62,10089,0.07,35.58,24.32,98410,43
677,0,0.0,0.62,0,0.0,0.62,28.76,98782,27
1582,0,0.0,0.62,30971,0.21,107.83,22.84,98273,42
154,0,0.0,0.62,59634,0.4,206.82,18.28,98917,79
468,0,0.0,0.62,0,0.0,0.62,27.42,98867,40
1306,0,0.0,0.62,109822,0.73,379.73,24.16,98413,44
570,0,0.0,0.62,0,0.0,0.62,28.18,98777,26
150,0,0.0,0.62,123235,0.82,425.88,18.42,98921,79
1982,0,0.0,0.62,0,0.0,0.62,20.84,98141,49
955,0,0.0,0.62,0,0.0,0.62,32.91,98457,21
1800,0,0.0,0.62,13591,0.09,47.71,21.86,98163,46
76,0,0.0,0.62,100826,0.67,348.77,18.39,98911,78
913,0,0.0,0.62,143888,0.96,496.91,24.21,98954,38
611,0,0.0,0.62,13697,0.09,48.07,29.77,98771,25
250,0,0.0,0.62,179468,1.2,619.22,17.22,98904,85
1359,0,0.0,0.62,61789,0.41,214.25,24.12,98371,44
660,0,0.0,0.62,19236,0.13,67.24,28.92,98787,28
1572,164005,1.09,566.07,202046,1.35,696.84,22.96,98281,41
603,0,0.0,0.62,259477,1.73,894.46,29.67,98772,25
1299,0,0.0,0.62,32970,0.22,114.74,24.27,98414,43
914,0,0.0,0.62,59925,0.4,207.82,23.2,98954,39
1403,0,0.0,0.62,93359,0.62,323.06,23.76,98362,44
1589,0,0.0,0.62,135598,0.9,468.4,22.81,98280,42
1197,0,0.0,0.62,131378,0.88,453.89,25.21,98424,40
1999,0,0.0,0.62,0,0.0,0.62,20.89,98135,49
1595,0,0.0,0.62,10519,0.07,37.07,22.78,98279,42
1910,0,0.0,0.62,75411,0.5,261.22,21.26,98151,46
1235,0,0.0,0.62,88161,0.59,305.16,25.08,98432,42
691,0,0.0,0.62,0,0.0,0.62,28.98,98785,26
690,0,0.0,0.62,45134,0.3,156.77,28.98,98784,26
1309,0,0.0,0.62,75232,0.5,260.61,24.15,98407,44
1584,94711,0.63,327.71,133853,0.89,462.4,22.89,98279,42
80,24271,0.16,84.66,225283,1.5,776.76,18.39,98914,79
1940,0,0.0,0.62,0,0.0,0.62,21.12,98160,47
165,0,0.0,0.62,159961,1.07,552.16,18.08,98910,80
1630,14103,0.09,49.48,115733,0.77,400.07,22.66,98264,42
781,0,0.0,0.62,0,0.0,0.62,26.19,98815,33
19,0,0.0,0.62,103293,0.69,357.26,18.83,98853,74
1714,0,0.0,0.62,0,0.0,0.62,22.43,98186,43
1471,0,0.0,0.62,118228,0.79,408.65,23.6,98340,41
847,0,0.0,0.62,0,0.0,0.62,24.82,98924,37
1025,244809,1.63,843.95,496339,3.31,1719.51,32.25,98421,23
830,0,0.0,0.62,72628,0.48,251.63,25.18,98922,37
2032,0,0.0,0.62,0,0.0,0.62,20.74,98126,51
369,0,0.0,0.62,176870,1.18,610.29,17.28,98940,83
597,0,0.0,0.62,0,0.0,0.62,29.29,98773,26
1596,0,0.0,0.62,27934,0.19,97.33,22.8,98281,42
65,0,0.0,0.62,15148,0.1,53.1,18.11,98893,80
1548,24608,0.16,85.83,174322,1.16,601.53,23.32,98305,40
1610,0,0.0,0.62,181367,1.21,625.75,22.71,98280,42
1334,0,0.0,0.62,0,0.0,0.62,24.2,98393,44
344,0,0.0,0.62,110274,0.74,381.29,17.23,98921,84
1896,0,0.0,0.62,0,0.0,0.62,21.28,98140,46
497,0,0.0,0.62,0,0.0,0.62,27.61,98800,36
1440,0,0.0,0.62,3810,0.03,13.83,23.52,98340,42
1039,0,0.0,0.62,207952,1.39,717.15,32.8,98421,22
901,11140,0.07,39.22,309012,2.06,1065.35,24.27,98959,38
789,0,0.0,0.62,0,0.0,0.62,26.22,98822,34
1836,0,0.0,0.62,0,0.0,0.62,21.69,98152,46
1705,81209,0.54,281.21,302696,2.02,1043.53,22.44,98196,43
431,168571,1.12,581.76,351845,2.35,1213.64,26.75,98896,42
1323,0,0.0,0.62,131191,0.87,453.24,24.35,98409,43
1779,0,0.0,0.62,85594,0.57,296.31,22.04,98169,45
435,0,0.0,0.62,0,0.0,0.62,27.05,98889,42
53,0,0.0,0.62,103703,0.69,358.67,18.27,98890,78
1055,0,0.0,0.62,171606,1.14,592.19,26.76,98423,34
1353,0,0.0,0.62,211913,1.41,730.77,24.08,98373,44
1985,0,0.0,0.62,0,0.0,0.62,20.84,98138,49
779,0,0.0,0.62,0,0.0,0.62,26.26,98818,33
1351,0,0.0,0.62,0,0.0,0.62,24.19,98381,44
962,140234,0.93,484.34,293377,1.96,1011.35,33.22,98449,21
719,0,0.0,0.62,3793,0.03,13.77,28.98,98787,28
533,0,0.0,0.62,0,0.0,0.62,27.69,98779,33
922,0,0.0,0.62,0,0.0,0.62,22.43,98946,39
1406,0,0.0,0.62,226097,1.51,779.56,23.73,98363,44
432,0,0.0,0.62,98736,0.66,341.57,26.94,98895,43
1454,0,0.0,0.62,72534,0.48,251.31,23.66,98352,41
1734,57125,0.38,198.16,136660,0.91,472.05,22.49,98183,44
1077,0,0.0,0.62,0,0.0,0.62,26.34,98436,35
667,0,0.0,0.62,0,0.0,0.62,28.73,98779,29
1116,12751,0.09,44.8,272959,1.82,940.92,26.42,98447,36
1256,54622,0.36,189.53,130023,0.87,449.23,24.87,98434,42
1,0,0.0,0.62,67639,0.45,234.43,20.38,98866,68
489,0,0.0,0.62,80450,0.54,278.59,27.58,98788,35
705,139888,0.93,483.15,183491,1.22,633.05,29.27,98782,26
1840,0,0.0,0.62,58351,0.39,202.39,21.6,98144,46
293,0,0.0,0.62,145705,0.97,503.15,17.13,98908,84
589,0,0.0,0.62,0,0.0,0.62,28.86,98773,26
1938,0,0.0,0.62,123618,0.82,427.2,21.18,98155,47
338,0,0.0,0.62,240979,1.61,830.77,17.25,98916,84
1852,0,0.0,0.62,0,0.0,0.62,21.55,98141,46
991,0,0.0,0.62,36094,0.24,125.54,33.42,98437,21
1881,0,0.0,0.62,69206,0.46,239.83,21.31,98142,46
682,0,0.0,0.62,0,0.0,0.62,28.86,98782,27
835,0,0.0,0.62,5406,0.04,19.36,25.1,98922,36
1036,0,0.0,0.62,0,0.0,0.62,32.85,98424,22
930,0,0.0,0.62,799225,5.33,2829.78,32.09,98513,21
1486,0,0.0,0.62,197271,1.32,680.42,23.44,98340,41
1128,19363,0.13,67.68,205620,1.37,709.13,26.16,98445,37
32,0,0.0,0.62,41035,0.27,142.61,18.8,98866,75
1620,108662,0.72,375.74,180014,1.2,621.1,22.65,98266,43
1590,0,0.0,0.62,0,0.0,0.62,22.83,98277,42
744,0,0.0,0.62,0,0.0,0.62,27.17,98794,31
210,85622,0.57,296.41,296659,1.98,1022.68,17.57,98878,83
1633,0,0.0,0.62,157252,1.05,542.85,22.61,98257,42
1709,0,0.0,0.62,281981,1.88,972.03,22.34,98193,44
365,55177,0.37,191.44,176115,1.17,607.69,17.3,98932,82
199,0,0.0,0.62,295516,1.97,1018.74,17.77,98884,82
1480,0,0.0,0.62,112455,0.75,388.79,23.4,98340,41
1211,0,0.0,0.62,0,0.0,0.62,24.92,98430,41
283,0,0.0,0.62,356646,2.38,1230.3,17.13,98915,84
754,0,0.0,0.62,32627,0.22,113.56,26.78,98798,33
2042,0,0.0,0.62,17316,0.12,60.6,20.75,98123,51
221,0,0.0,0.62,97402,0.65,336.98,17.88,98891,82
1598,0,0.0,0.62,177899,1.19,613.83,22.74,98273,42
1959,67525,0.45,234.04,165635,1.1,571.67,20.87,98145,48
770,0,0.0,0.62,0,0.0,0.62,26.39,98812,33
773,0,0.0,0.62,0,0.0,0.62,26.34,98815,33
806,157492,1.05,543.68,201637,1.34,695.43,25.95,98837,34
643,0,0.0,0.62,0,0.0,0.62,29.07,98770,27
798,0,0.0,0.62,0,0.0,0.62,26.1,98824,34
141,155327,1.04,536.23,408356,2.72,1410.29,18.42,98921,79
1798,0,0.0,0.62,54684,0.36,189.74,21.82,98160,46
179,128712,0.86,444.72,481417,3.21,1666.76,18.04,98897,81
927,0,0.0,0.62,143785,0.96,496.55,32.01,98513,21
1130,0,0.0,0.62,0,0.0,0.62,25.88,98444,37
1349,0,0.0,0.62,0,0.0,0.62,24.16,98380,44
2008,0,0.0,0.62,99671,0.66,344.79,20.92,98120,49
1064,0,0.0,0.62,105819,0.71,365.95,26.52,98425,34
617,180328,1.2,622.18,246100,1.64,848.4,29.81,98783,27
1243,80044,0.53,277.19,255309,1.7,880.11,24.99,98426,42
360,0,0.0,0.62,108662,0.72,375.74,17.26,98920,82
1413,0,0.0,0.62,0,0.0,0.62,23.59,98356,44
839,61105,0.41,211.89,132383,0.88,457.34,25.0,98923,36
1933,0,0.0,0.62,11607,0.08,40.84,21.13,98152,47
1276,0,0.0,0.62,144680,0.96,499.63,24.38,98424,43
1929,0,0.0,0.62,114407,0.76,395.51,21.14,98148,47
413,0,0.0,0.62,0,0.0,0.62,26.44,98904,45
172,154793,1.03,534.4,294196,1.96,1014.18,18.15,98898,80
1350,0,0.0,0.62,0,0.0,0.62,24.19,98379,44
1775,45191,0.3,156.97,129854,0.87,448.65,22.06,98174,45
1771,0,0.0,0.62,80462,0.54,278.63,22.03,98170,45
262,84184,0.56,291.46,607792,4.05,2118.42,17.17,98904,85
400,0,0.0,0.62,14595,0.1,51.18,17.19,98941,83
1600,0,0.0,0.62,0,0.0,0.62,22.69,98277,42
1853,0,0.0,0.62,0,0.0,0.62,21.54,98144,46
455,0,0.0,0.62,73050,0.49,253.09,27.65,98877,39
159,39503,0.26,137.32,302578,2.02,1043.12,18.16,98920,80
637,0,0.0,0.62,0,0.0,0.62,29.33,98778,28
1862,0,0.0,0.62,0,0.0,0.62,21.44,98147,46
1242,0,0.0,0.62,205190,1.37,707.65,25.01,98434,42
1946,0,0.0,0.62,57355,0.38,198.96,20.98,98154,48
93,0,0.0,0.62,234541,1.56,808.61,18.61,98917,78
2053,0,0.0,0.62,0,0.0,0.62,20.73,98122,52
1911,0,0.0,0.62,0,0.0,0.62,21.25,98146,47
2039,0,0.0,0.62,4954,0.03,17.79,20.8,98134,51
891,0,0.0,0.62,100616,0.67,348.04,24.31,98948,38
1730,0,0.0,0.62,34051,0.23,118.48,22.39,98183,44
398,0,0.0,0.62,383922,2.56,1325.1,17.21,98934,82
1335,0,0.0,0.62,83512,0.56,289.14,24.21,98397,44
578,197537,1.32,681.34,491104,3.27,1700.99,28.4,98786,27
1026,0,0.0,0.62,50654,0.34,175.83,32.23,98421,23
491,374053,2.49,1290.76,425672,2.84,1470.82,27.58,98793,35
1221,0,0.0,0.62,11681,0.08,41.09,24.87,98433,42
575,27302,0.18,95.15,120002,0.8,414.76,28.35,98788,27
623,0,0.0,0.62,67186,0.45,232.87,29.76,98772,27
544,0,0.0,0.62,76505,0.51,264.99,27.65,98774,29
737,0,0.0,0.62,40387,0.27,140.37,27.47,98788,30
1998,73740,0.49,255.46,149085,0.99,514.77,20.87,98132,49
1043,0,0.0,0.62,1425,0.01,5.56,32.24,98419,23
64,0,0.0,0.62,164239,1.09,566.87,18.09,98892,80
680,0,0.0,0.62,0,0.0,0.62,28.75,98778,26
1652,0,0.0,0.62,137705,0.92,475.65,22.65,98242,43
2015,0,0.0,0.62,147693,0.98,509.99,20.84,98131,49
42,65073,0.43,225.58,418451,2.79,1445.56,18.52,98875,77
1673,0,0.0,0.62,78045,0.52,270.3,22.3,98210,43
1899,0,0.0,0.62,5333,0.04,19.1,21.34,98146,46
915,0,0.0,0.62,85243,0.57,295.1,23.19,98952,39
1970,0,0.0,0.62,110284,0.74,381.32,20.79,98140,49
1763,0,0.0,0.62,128828,0.86,445.12,22.14,98171,45
2020,57558,0.38,199.66,111330,0.74,384.92,20.9,98134,50
312,0,0.0,0.62,334527,2.23,1153.61,17.21,98907,85
1925,0,0.0,0.62,0,0.0,0.62,21.32,98144,47
1737,85216,0.57,295.01,125307,0.84,433.01,22.49,98177,44
352,0,0.0,0.62,208731,1.39,719.83,17.2,98912,83
453,0,0.0,0.62,87625,0.58,303.31,27.52,98875,39
1297,0,0.0,0.62,0,0.0,0.62,24.13,98417,44
170,0,0.0,0.62,182675,1.22,630.24,18.16,98903,80
1468,0,0.0,0.62,179592,1.2,619.65,23.61,98347,41
1107,181323,1.21,625.6,230171,1.53,793.57,26.49,98453,36
1758,293120,1.95,1010.47,397774,2.65,1373.36,22.18,98174,44
137,74266,0.5,257.28,495910,3.31,1717.99,18.43,98926,79
385,0,0.0,0.62,122611,0.82,423.73,17.24,98926,83
1142,0,0.0,0.62,0,0.0,0.62,25.75,98426,38
1819,105212,0.7,363.86,197700,1.32,681.9,21.97,98150,46
639,0,0.0,0.62,0,0.0,0.62,29.23,98789,27
747,0,0.0,0.62,0,0.0,0.62,27.07,98797,31
1125,0,0.0,0.62,0,0.0,0.62,26.3,98448,37
1636,0,0.0,0.62,183625,1.22,633.51,22.67,98250,43
1175,0,0.0,0.62,4347,0.03,15.69,25.47,98437,39
1485,0,0.0,0.62,97639,0.65,337.8,23.41,98347,41
1136,0,0.0,0.62,162256,1.08,560.05,26.04,98436,37
1069,0,0.0,0.62,0,0.0,0.62,26.45,98432,34
278,264546,1.76,911.93,837791,5.59,2978.08,17.17,98912,84
469,0,0.0,0.62,14509,0.1,50.88,27.36,98862,40
1702,0,0.0,0.62,42504,0.28,147.69,22.41,98188,43
1780,0,0.0,0.62,62028,0.41,215.08,22.0,98165,45
935,0,0.0,0.62,46725,0.31,162.26,31.89,98508,21
1474,0,0.0,0.62,103116,0.69,356.65,23.52,98340,42
1093,0,0.0,0.62,0,0.0,0.62,26.44,98436,35
1008,0,0.0,0.62,3855,0.03,13.98,32.16,98431,23
163,0,0.0,0.62,133382,0.89,460.78,18.07,98909,80
1127,0,0.0,0.62,86948,0.58,300.98,26.21,98449,37
640,0,0.0,0.62,0,0.0,0.62,29.18,98780,27
1566,75700,0.5,262.22,143159,0.95,494.4,23.0,98295,41
854,0,0.0,0.62,0,0.0,0.62,24.75,98927,37
1499,0,0.0,0.62,26776,0.18,93.33,23.31,98341,41
957,11031,0.07,38.84,232474,1.55,801.5,33.14,98456,21
857,0,0.0,0.62,0,0.0,0.62,24.69,98931,37
1531,0,0.0,0.62,19004,0.13,66.44,23.23,98309,40
1725,47308,0.32,164.28,117891,0.79,407.5,22.43,98185,44
254,122852,0.82,424.56,705622,4.7,2477.19,17.22,98906,85
1801,0,0.0,0.62,0,0.0,0.62,21.88,98160,46
345,595627,3.97,2074.42,1230353,8.2,4617.21,17.23,98917,84
1113,0,0.0,0.62,108911,0.73,376.6,26.46,98449,36
2012,0,0.0,0.62,0,0.0,0.62,20.81,98128,49
722,0,0.0,0.62,0,0.0,0.62,28.76,98786,28
466,551065,3.67,1914.23,2863259,19.09,16192.69,27.46,98863,40
1165,0,0.0,0.62,0,0.0,0.62,25.52,98429,39
1807,0,0.0,0.62,0,0.0,0.62,21.92,98159,46
70,0,0.0,0.62,77107,0.51,267.07,18.21,98900,79
1885,0,0.0,0.62,0,0.0,0.62,21.23,98142,46
1377,78118,0.52,270.55,273755,1.83,943.67,23.88,98360,44
264,44594,0.3,154.91,295145,1.97,1017.46,17.17,98902,84
1305,0,0.0,0.62,0,0.0,0.62,24.26,98410,43
1047,0,0.0,0.62,8768,0.06,31.0,32.57,98423,23
1543,0,0.0,0.62,0,0.0,0.62,23.23,98303,40
2023,0,0.0,0.62,80777,0.54,279.72,20.88,98125,50
1561,0,0.0,0.62,129090,0.86,446.02,22.96,98291,41
1675,75134,0.5,260.27,163336,1.09,563.77,22.28,98209,43
1519,0,0.0,0.62,0,0.0,0.62,23.23,98322,40
1355,11525,0.08,40.55,267819,1.79,923.21,24.06,98379,44
14,0,0.0,0.62,0,0.0,0.62,19.33,98868,72
614,0,0.0,0.62,0,0.0,0.62,29.87,98770,25
96,0,0.0,0.62,272411,1.82,939.03,18.79,98916,77
1195,0,0.0,0.62,0,0.0,0.62,25.22,98426,40
1158,0,0.0,0.62,101189,0.67,350.02,25.47,98431,39
521,313120,2.09,1079.55,475854,3.17,1647.12,27.71,98776,31
1955,165418,1.1,570.92,376783,2.51,1300.26,20.98,98146,48
1236,2324,0.02,8.68,235450,1.57,811.74,25.02,98436,42
2056,0,0.0,0.62,174422,1.16,601.87,20.73,98118,52
732,0,0.0,0.62,0,0.0,0.62,28.54,98786,29
460,0,0.0,0.62,2648,0.02,9.8,27.9,98877,40
1908,17715,0.12,61.98,91995,0.61,318.36,21.36,98150,46
1056,90738,0.6,314.03,312825,2.09,1078.53,26.79,98423,33
1612,0,0.0,0.62,101535,0.68,351.21,22.65,98280,42
242,0,0.0,0.62,228617,1.52,788.23,17.24,98911,85
539,0,0.0,0.62,4749,0.03,17.08,27.58,98781,30
467,0,0.0,0.62,2219009,14.79,10422.77,27.41,98863,40
1068,0,0.0,0.62,201923,1.35,696.42,26.46,98434,34
1225,0,0.0,0.62,15362,0.1,53.84,24.81,98432,42
759,0,0.0,0.62,0,0.0,0.62,26.57,98803,32
1930,0,0.0,0.62,0,0.0,0.62,21.12,98163,47
1893,0,0.0,0.62,0,0.0,0.62,21.27,98146,46
269,15469,0.1,54.21,510537,3.4,1769.83,17.17,98903,84
109,0,0.0,0.62,135634,0.9,468.52,18.58,98924,78
247,0,0.0,0.62,326543,2.18,1125.98,17.24,98908,85
181,123219,0.82,425.82,371424,2.48,1281.62,18.01,98899,81
1711,0,0.0,0.62,38395,0.26,133.49,22.35,98189,44
66,25042,0.17,87.33,139643,0.93,482.31,18.12,98895,79
1392,0,0.0,0.62,110289,0.74,381.34,23.72,98366,45
148,97711,0.65,338.04,414320,2.76,1431.12,18.38,98923,79
832,0,0.0,0.62,0,0.0,0.62,25.16,98923,37
492,0,0.0,0.62,9925,0.07,35.01,27.59,98798,35
756,0,0.0,0.62,5936,0.04,21.19,26.66,98805,32
1617,30372,0.2,105.76,164347,1.1,567.24,22.67,98272,42
1703,0,0.0,0.62,0,0.0,0.62,22.41,98195,43
87,126122,0.84,435.81,391311,2.61,1350.83,18.49,98918,78
240,68351,0.46,236.89,364442,2.43,1257.36,17.25,98908,85
984,0,0.0,0.62,64408,0.43,223.29,33.78,98442,21
1792,0,0.0,0.62,53288,0.36,184.92,21.85,98168,46
1053,0,0.0,0.62,14055,0.09,49.31,32.29,98420,23
714,0,0.0,0.62,139513,0.93,481.86,29.29,98789,29
948,33331,0.22,115.99,195068,1.3,672.85,31.75,98502,22
1317,67438,0.45,233.74,150153,1.0,518.45,24.39,98410,43
1261,113349,0.76,391.87,242107,1.61,834.65,24.77,98430,42
2011,0,0.0,0.62,0,0.0,0.62,20.85,98128,49
326,0,0.0,0.62,550756,3.67,1913.13,17.21,98906,85
1625,0,0.0,0.62,0,0.0,0.62,22.56,98265,43
1085,0,0.0,0.62,94120,0.63,325.68,26.52,98435,35
668,0,0.0,0.62,0,0.0,0.62,28.75,98780,28
1347,0,0.0,0.62,7442,0.05,26.41,24.08,98384,44
740,0,0.0,0.62,0,0.0,0.62,27.31,98796,30
1915,0,0.0,0.62,0,0.0,0.62,21.24,98147,47
1182,0,0.0,0.62,25494,0.17,88.89,25.2,98438,40
145,0,0.0,0.62,112106,0.75,387.59,18.43,98923,79
366,81537,0.54,282.34,124035,0.83,428.63,17.31,98937,82
29,104574,0.7,361.67,275191,1.83,948.62,18.99,98866,74
1224,27653,0.18,96.36,148944,0.99,514.29,24.82,98432,42
1404,0,0.0,0.62,38800,0.26,134.89,23.76,98362,44
1783,0,0.0,0.62,34774,0.23,120.98,21.94,98168,45
1183,166549,1.11,574.81,296659,1.98,1022.68,25.24,98439,40
1021,43778,0.29,152.09,116974,0.78,404.34,32.32,98425,22
1312,0,0.0,0.62,4017,0.03,14.54,24.27,98406,43
598,0,0.0,0.62,163634,1.09,564.79,29.32,98774,26
133,140073,0.93,483.79,248997,1.66,858.37,18.25,98923,80
1745,0,0.0,0.62,66511,0.44,230.54,22.31,98175,44
340,87647,0.58,303.38,386214,2.57,1333.08,17.26,98918,84
1884,0,0.0,0.62,87888,0.59,304.22,21.3,98144,46
1098,0,0.0,0.62,66752,0.45,231.37,26.46,98444,35
881,0,0.0,0.62,93550,0.62,323.72,24.36,98946,38
1438,0,0.0,0.62,1616,0.01,6.22,23.49,98339,42
333,116460,0.78,402.57,543779,3.63,1888.19,17.23,98911,84
160,124448,0.83,430.05,311630,2.08,1074.4,18.14,98919,79
1135,8106,0.05,28.71,308566,2.06,1063.81,26.0,98437,37
1837,0,0.0,0.62,5483,0.04,19.62,21.7,98145,46
1497,0,0.0,0.62,182043,1.21,628.07,23.28,98341,41
185,199534,1.33,688.2,509508,3.4,1766.18,18.08,98897,81
291,258376,1.72,890.67,859913,5.73,3064.01,17.13,98913,84
1251,0,0.0,0.62,96608,0.64,334.25,24.7,98431,42
115,0,0.0,0.62,15438,0.1,54.1,18.29,98918,79
1868,158732,1.06,547.94,365351,2.44,1260.52,21.36,98144,46
244,0,0.0,0.62,321705,2.14,1109.24,17.23,98910,85
1144,0,0.0,0.62,0,0.0,0.62,25.64,98431,38
1362,0,0.0,0.62,71594,0.48,248.07,24.06,98370,44
1294,0,0.0,0.62,0,0.0,0.62,24.18,98416,43
1439,0,0.0,0.62,0,0.0,0.62,23.54,98343,42
1252,0,0.0,0.62,281425,1.88,970.12,24.74,98433,42
408,29647,0.2,103.26,206675,1.38,712.76,26.37,98906,46
532,0,0.0,0.62,0,0.0,0.62,27.7,98784,32
1520,0,0.0,0.62,0,0.0,0.62,23.26,98323,40
162,0,0.0,0.62,0,0.0,0.62,18.08,98908,80
2014,0,0.0,0.62,0,0.0,0.62,20.83,98125,49
1921,0,0.0,0.62,6373,0.04,22.71,21.32,98144,46
775,0,0.0,0.62,0,0.0,0.62,26.32,98817,33
1791,21561,0.14,75.29,118010,0.79,407.9,21.85,98163,46
1806,0,0.0,0.62,81955,0.55,283.78,21.91,98157,46
892,0,0.0,0.62,172540,1.15,595.4,24.3,98949,38
114,53053,0.35,184.11,288178,1.92,993.41,18.33,98915,79
1313,0,0.0,0.62,0,0.0,0.62,24.25,98409,43
842,0,0.0,0.62,285775,1.91,985.12,24.95,98926,37
1567,0,0.0,0.62,0,0.0,0.62,22.99,98290,41
654,0,0.0,0.62,0,0.0,0.62,28.98,98779,28
1559,0,0.0,0.62,0,0.0,0.62,23.07,98297,41
1688,0,0.0,0.62,29377,0.2,102.32,22.33,98204,43
726,0,0.0,0.62,0,0.0,0.62,28.56,98787,28
721,0,0.0,0.62,0,0.0,0.62,28.88,98788,28
1218,0,0.0,0.62,99677,0.66,344.81,24.82,98436,42
1379,0,0.0,0.62,45587,0.3,158.33,23.8,98365,45
1239,0,0.0,0.62,30699,0.2,106.89,24.94,98433,42
300,52402,0.35,181.86,223539,1.49,770.76,17.16,98910,85
1707,92040,0.61,318.52,279140,1.86,962.23,22.39,98191,43
867,0,0.0,0.62,0,0.0,0.62,24.53,98942,37
229,0,0.0,0.62,314802,2.1,1085.36,17.56,98892,84
39,0,0.0,0.62,0,0.0,0.62,18.55,98866,76
21,0,0.0,0.62,164377,1.1,567.34,18.69,98860,75
79,0,0.0,0.62,88335,0.59,305.75,18.36,98913,79
3,0,0.0,0.62,30289,0.2,105.48,20.27,98868,68
266,98768,0.66,341.68,426191,2.84,1472.64,17.19,98907,84
688,100620,0.67,348.06,139755,0.93,482.7,29.05,98789,26
261,0,0.0,0.62,138697,0.92,479.06,17.18,98906,85
1886,0,0.0,0.62,126342,0.84,436.57,21.27,98143,46
1878,0,0.0,0.62,114012,0.76,394.15,21.29,98143,46
725,181925,1.21,627.67,363631,2.42,1254.55,28.59,98790,29
1220,18280,0.12,63.94,162277,1.08,560.13,24.88,98437,42
58,48299,0.32,167.7,549792,3.67,1909.68,18.17,98888,79
685,39473,0.26,137.22,113666,0.76,392.96,28.97,98783,27
428,0,0.0,0.62,1632293,10.88,6626.72,26.79,98900,42
805,40339,0.27,140.21,179043,1.19,617.76,25.96,98837,34
403,10724,0.07,37.78,197486,1.32,681.16,17.21,98941,82
2060,0,0.0,0.62,0,0.0,0.62,20.7,98123,52
1295,0,0.0,0.62,0,0.0,0.62,24.15,98417,43
414,0,0.0,0.62,0,0.0,0.62,26.54,98894,45
1627,109070,0.73,377.14,178052,1.19,614.35,22.6,98269,43
907,0,0.0,0.62,0,0.0,0.62,24.26,98954,39
853,0,0.0,0.62,21410,0.14,74.77,24.77,98927,37
63,26428,0.18,92.13,189594,1.26,654.03,18.1,98894,79
1498,58786,0.39,203.89,345669,2.3,1192.22,23.31,98341,41
1194,0,0.0,0.62,0,0.0,0.62,25.23,98429,40
323,0,0.0,0.62,0,0.0,0.62,17.22,98900,84
1897,76837,0.51,266.14,118714,0.79,410.33,21.29,98147,46
1585,0,0.0,0.62,19627,0.13,68.6,22.82,98275,42
937,0,0.0,0.62,57553,0.38,199.64,31.8,98505,21
89,0,0.0,0.62,28572,0.19,99.54,18.43,98920,79
809,0,0.0,0.62,0,0.0,0.62,25.88,98844,34
767,161862,1.08,558.7,226293,1.51,780.23,26.43,98809,33
1484,0,0.0,0.62,0,0.0,0.62,23.44,98343,41
1487,0,0.0,0.62,0,0.0,0.62,23.4,98339,41
1814,0,0.0,0.62,57804,0.39,200.51,21.88,98149,46
193,0,0.0,0.62,141508,0.94,488.72,17.88,98890,82
77,0,0.0,0.62,24787,0.17,86.45,18.3,98913,79
1989,12907,0.09,45.34,137309,0.92,474.28,20.9,98130,49
850,0,0.0,0.62,72758,0.49,252.08,24.85,98929,37
1282,38077,0.25,132.39,135224,0.9,467.11,24.3,98420,43
1493,0,0.0,0.62,10605,0.07,37.37,23.16,98337,41
1728,261665,1.74,902.0,621904,4.15,2169.63,22.45,98186,44
1073,0,0.0,0.62,0,0.0,0.62,26.3,98434,35
1390,0,0.0,0.62,2335,0.02,8.71,23.76,98368,45
1291,0,0.0,0.62,0,0.0,0.62,24.16,98417,43
1298,0,0.0,0.62,57739,0.38,200.28,24.18,98413,44
700,0,0.0,0.62,0,0.0,0.62,29.23,98787,27
1481,272372,1.82,938.9,656757,4.38,2296.86,23.42,98344,41
1275,0,0.0,0.62,17324,0.12,60.63,24.42,98428,43
2038,0,0.0,0.62,34883,0.23,121.36,20.76,98128,51
379,86402,0.58,299.1,431800,2.88,1492.28,17.26,98932,83
2030,0,0.0,0.62,0,0.0,0.62,20.82,98124,50
0,2556,0.02,9.48,151843,1.01,524.26,20.53,98866,67
557,52517,0.35,182.26,160922,1.07,555.47,27.86,98771,29
958,0,0.0,0.62,0,0.0,0.62,33.22,98457,21
799,0,0.0,0.62,0,0.0,0.62,26.15,98827,34
774,0,0.0,0.62,23386,0.16,81.6,26.34,98815,33
845,0,0.0,0.62,0,0.0,0.62,24.92,98926,37
698,0,0.0,0.62,159063,1.06,549.08,29.19,98783,27
16,0,0.0,0.62,79050,0.53,273.77,19.16,98867,73
364,68651,0.46,237.92,200219,1.33,690.56,17.27,98929,83
1223,0,0.0,0.62,196149,1.31,676.57,24.91,98434,42
1172,0,0.0,0.62,0,0.0,0.62,25.48,98428,39
581,0,0.0,0.62,0,0.0,0.62,28.55,98770,26
12,0,0.0,0.62,130212,0.87,449.88,19.48,98866,72
745,85054,0.57,294.45,159275,1.06,549.81,27.15,98796,31
473,0,0.0,0.62,0,0.0,0.62,27.46,98800,38
1054,0,0.0,0.62,96723,0.64,334.64,26.75,98424,33
1040,0,0.0,0.62,0,0.0,0.62,32.59,98423,22
1345,0,0.0,0.62,205567,1.37,708.95,24.22,98382,44
427,19961,0.13,69.75,1334476,8.9,5100.59,26.81,98899,41
552,0,0.0,0.62,0,0.0,0.62,27.88,98784,29
1212,0,0.0,0.62,127872,0.85,441.83,24.94,98429,41
275,0,0.0,0.62,251158,1.67,865.81,17.2,98909,84
1088,0,0.0,0.62,306127,2.04,1055.38,26.58,98435,35
1631,0,0.0,0.62,62310,0.42,216.05,22.58,98264,42
1464,0,0.0,0.62,7093,0.05,25.2,23.65,98342,41
926,0,0.0,0.62,130163,0.87,449.71,32.08,98515,21
1152,0,0.0,0.62,53391,0.36,185.28,25.65,98428,39
829,0,0.0,0.62,0,0.0,0.62,25.17,98919,36
462,0,0.0,0.62,137933,0.92,476.43,27.69,98870,39
630,0,0.0,0.62,33515,0.22,116.63,29.4,98777,27
349,0,0.0,0.62,91140,0.61,315.42,17.2,98912,84
534,45836,0.31,159.19,152109,1.01,525.17,27.65,98788,32
2054,70759,0.47,245.19,151717,1.01,523.82,20.74,98124,52
1126,147923,0.99,510.78,294979,1.97,1016.88,26.11,98449,37
1860,0,0.0,0.62,25806,0.17,89.97,21.56,98144,46
1992,0,0.0,0.62,0,0.0,0.62,20.82,98137,49
1718,0,0.0,0.62,85516,0.57,296.04,22.51,98188,43
876,0,0.0,0.62,1597,0.01,6.16,24.43,98945,38
1451,119828,0.8,414.16,160100,1.07,552.64,23.65,98350,42
1963,0,0.0,0.62,6861,0.05,24.4,20.8,98145,49
1684,0,0.0,0.62,5672,0.04,20.28,22.39,98203,43
434,0,0.0,0.62,4623,0.03,16.64,27.05,98888,41
62,0,0.0,0.62,194689,1.3,671.55,18.11,98885,79
518,0,0.0,0.62,0,0.0,0.62,27.66,98776,33
178,197165,1.31,680.06,698595,4.66,2451.11,18.03,98896,81
1433,0,0.0,0.62,72079,0.48,249.74,23.45,98343,43
1296,0,0.0,0.62,8965,0.06,31.69,24.12,98418,44
956,0,0.0,0.62,110077,0.73,380.61,32.98,98456,21
1591,0,0.0,0.62,0,0.0,0.62,22.83,98278,42
1018,0,0.0,0.62,89055,0.59,308.23,32.57,98428,23
1284,0,0.0,0.62,0,0.0,0.62,24.26,98422,43
619,0,0.0,0.62,55700,0.37,193.25,29.65,98773,27
355,9586,0.06,33.84,469910,3.13,1626.17,17.22,98922,83
644,0,0.0,0.62,0,0.0,0.62,29.14,98770,27
945,0,0.0,0.62,0,0.0,0.62,31.81,98499,21
1508,0,0.0,0.62,54826,0.37,190.23,23.26,98332,41
763,0,0.0,0.62,0,0.0,0.62,26.47,98808,33
168,158345,1.06,546.61,440445,2.94,1522.58,18.13,98904,80
1060,33816,0.23,117.67,281611,1.88,970.76,26.6,98427,34
1787,0,0.0,0.62,55097,0.37,191.16,21.89,98160,46
1029,35250,0.23,122.62,321784,2.15,1109.51,32.24,98422,23
813,0,0.0,0.62,0,0.0,0.62,25.8,98851,34
446,0,0.0,0.62,47117,0.31,163.62,27.49,98885,42
1674,0,0.0,0.62,77488,0.52,268.38,22.28,98212,43
939,0,0.0,0.62,0,0.0,0.62,31.7,98502,21
222,0,0.0,0.62,315277,2.1,1087.01,17.86,98893,82
1148,0,0.0,0.62,187075,1.25,645.37,25.49,98426,39
585,0,0.0,0.62,53654,0.36,186.18,28.8,98780,27
893,0,0.0,0.62,0,0.0,0.62,24.31,98955,38
1769,0,0.0,0.62,8386,0.06,29.68,22.0,98169,45
1124,57390,0.38,199.08,348986,2.33,1203.72,26.31,98449,36
1976,0,0.0,0.62,123759,0.83,427.68,20.72,98135,49
1523,0,0.0,0.62,150480,1.0,519.57,23.13,98316,40
1676,147963,0.99,510.92,299444,2.0,1032.3,22.28,98208,43
1535,0,0.0,0.62,0,0.0,0.62,23.28,98312,40
1354,58294,0.39,202.2,108469,0.72,375.07,24.06,98374,44
1241,221452,1.48,763.58,340612,2.27,1174.69,24.92,98428,42
843,0,0.0,0.62,93176,0.62,322.43,24.96,98926,37
480,0,0.0,0.62,126238,0.84,436.21,27.6,98794,36
1090,113081,0.75,390.95,310371,2.07,1070.05,26.57,98438,35
808,0,0.0,0.62,0,0.0,0.62,25.9,98847,34
1109,0,0.0,0.62,23691,0.16,82.66,26.35,98444,36
820,0,0.0,0.62,5896,0.04,21.05,25.73,98858,34
1035,0,0.0,0.62,170311,1.14,587.74,32.77,98421,22
543,0,0.0,0.62,0,0.0,0.62,27.63,98772,30
1648,0,0.0,0.62,89029,0.59,308.15,22.75,98244,42
1072,0,0.0,0.62,0,0.0,0.62,26.25,98435,35
1186,61149,0.41,212.05,202507,1.35,698.42,25.24,98435,40
231,23798,0.16,83.03,410752,2.74,1418.65,17.48,98900,84
322,0,0.0,0.62,463855,3.09,1604.84,17.22,98903,85
553,0,0.0,0.62,53409,0.36,185.34,27.86,98772,29
555,0,0.0,0.62,157665,1.05,544.27,27.85,98781,30
656,0,0.0,0.62,0,0.0,0.62,28.99,98788,29
1583,70593,0.47,244.62,174980,1.17,603.79,22.89,98275,42
1917,0,0.0,0.62,0,0.0,0.62,21.3,98149,46
1207,0,0.0,0.62,76488,0.51,264.94,24.98,98431,41
233,196410,1.31,677.46,765696,5.1,2702.33,17.41,98903,85
315,0,0.0,0.62,465732,3.1,1611.45,17.2,98907,85
919,0,0.0,0.62,0,0.0,0.62,22.51,98938,39
863,0,0.0,0.62,72105,0.48,249.83,24.6,98936,38
1831,0,0.0,0.62,32290,0.22,112.39,21.82,98151,46
105,42883,0.29,149.0,136871,0.91,472.78,18.81,98926,77
327,0,0.0,0.62,14361,0.1,50.37,17.17,98907,85
474,0,0.0,0.62,0,0.0,0.62,27.46,98804,38
1621,0,0.0,0.62,70460,0.47,244.16,22.65,98267,43
1845,0,0.0,0.62,0,0.0,0.62,21.59,98141,46
696,0,0.0,0.62,2559,0.02,9.49,29.16,98782,26
224,0,0.0,0.62,15538,0.1,54.45,17.84,98892,82
1300,0,0.0,0.62,0,0.0,0.62,24.19,98410,43
768,0,0.0,0.62,0,0.0,0.62,26.43,98810,33
564,0,0.0,0.62,0,0.0,0.62,28.02,98771,28
961,106816,0.71,369.39,164050,1.09,566.22,33.21,98449,20
1161,0,0.0,0.62,150431,1.0,519.4,25.46,98432,39
1171,0,0.0,0.62,96539,0.64,334.01,25.52,98430,39
1286,0,0.0,0.62,122790,0.82,424.35,24.14,98424,43
297,0,0.0,0.62,323090,2.15,1114.03,17.15,98908,84
25,8990,0.06,31.77,247173,1.65,852.09,18.83,98868,75
373,0,0.0,0.62,29429,0.2,102.5,17.26,98931,83
529,0,0.0,0.62,118822,0.79,410.7,27.87,98783,32
1219,0,0.0,0.62,0,0.0,0.62,24.84,98435,42
306,263373,1.76,907.89,472210,3.15,1634.27,17.2,98909,85
382,0,0.0,0.62,324094,2.16,1117.5,17.26,98921,83
131,0,0.0,0.62,0,0.0,0.62,18.15,98922,80
1599,0,0.0,0.62,0,0.0,0.62,22.68,98279,42
1544,0,0.0,0.62,46587,0.31,161.79,23.23,98303,40
1155,68319,0.46,236.77,232539,1.55,801.72,25.52,98429,39
1050,152840,1.02,527.68,277019,1.85,954.92,32.74,98422,23
1818,0,0.0,0.62,34403,0.23,119.7,21.99,98155,46
1521,187994,1.25,648.53,335015,2.23,1155.3,23.21,98320,40
1030,0,0.0,0.62,52816,0.35,183.29,32.42,98419,23
481,0,0.0,0.62,0,0.0,0.62,27.62,98792,36
990,0,0.0,0.62,180826,1.21,623.89,33.48,98441,21
331,0,0.0,0.62,18116,0.12,63.37,17.23,98913,84
882,0,0.0,0.62,0,0.0,0.62,24.36,98945,38
48,0,0.0,0.62,328911,2.19,1134.17,18.47,98889,77
189,0,0.0,0.62,393620,2.62,1358.88,18.04,98897,81
1103,0,0.0,0.62,280864,1.87,968.18,26.48,98447,35
84,41609,0.28,144.6,176286,1.18,608.28,18.61,98914,78
1883,0,0.0,0.62,0,0.0,0.62,21.29,98142,46
1997,143350,0.96,495.06,238902,1.59,823.62,20.9,98137,49
629,0,0.0,0.62,12286,0.08,43.19,29.43,98772,27
1812,0,0.0,0.62,0,0.0,0.62,21.78,98153,46
116,155549,1.04,537.0,395454,2.64,1365.27,18.26,98912,79
106,73487,0.49,254.59,372365,2.48,1284.9,18.75,98919,77
15,0,0.0,0.62,119459,0.8,412.89,19.22,98868,73
1971,0,0.0,0.62,0,0.0,0.62,20.81,98143,49
1689,0,0.0,0.62,31373,0.21,109.22,22.32,98203,43
1821,0,0.0,0.62,236335,1.58,814.78,21.94,98153,46
225,48853,0.33,169.61,378944,2.53,1307.78,17.82,98891,83
2043,162999,1.09,562.61,210652,1.4,726.43,20.75,98128,51
665,0,0.0,0.62,89053,0.59,308.23,28.73,98783,27
397,317186,2.11,1093.61,524116,3.49,1818.09,17.21,98932,82
868,0,0.0,0.62,92440,0.62,319.89,24.51,98946,38
672,0,0.0,0.62,0,0.0,0.62,28.8,98779,27
216,154895,1.03,534.75,321354,2.14,1108.02,17.77,98890,83
138,212286,1.42,732.05,459909,3.07,1590.95,18.46,98931,79
1277,256092,1.71,882.8,417278,2.78,1441.46,24.27,98422,43
2027,0,0.0,0.62,10954,0.07,38.57,20.9,98128,50
978,0,0.0,0.62,0,0.0,0.62,33.39,98443,21
1969,177503,1.18,612.47,372735,2.48,1286.18,20.8,98142,49
273,157235,1.05,542.79,374859,2.5,1293.57,17.2,98912,84
636,0,0.0,0.62,67121,0.45,232.64,29.3,98779,28
1978,0,0.0,0.62,2532,0.02,9.4,20.79,98144,49
1967,0,0.0,0.62,7534,0.05,26.73,20.82,98143,49
865,0,0.0,0.62,0,0.0,0.62,24.55,98940,37
175,0,0.0,0.62,249825,1.67,861.22,18.1,98894,80
292,92802,0.62,321.14,444342,2.96,1536.25,17.13,98909,84
249,0,0.0,0.62,331698,2.21,1143.82,17.21,98908,85
569,0,0.0,0.62,7098,0.05,25.22,28.19,98780,28
707,0,0.0,0.62,0,0.0,0.62,29.35,98785,27
896,0,0.0,0.62,88669,0.59,306.91,24.27,98958,38
1601,0,0.0,0.62,0,0.0,0.62,22.68,98279,42
358,0,0.0,0.62,167051,1.11,576.54,17.25,98915,83
766,0,0.0,0.62,0,0.0,0.62,26.46,98809,33
645,0,0.0,0.62,0,0.0,0.62,29.14,98776,27
1622,0,0.0,0.62,52407,0.35,181.88,22.65,98268,43
2009,0,0.0,0.62,58065,0.39,201.41,20.93,98132,49
968,0,0.0,0.62,229545,1.53,791.42,32.76,98450,21
1626,47317,0.32,164.31,133045,0.89,459.62,22.58,98267,43
1363,0,0.0,0.62,0,0.0,0.62,23.94,98365,44
1587,0,0.0,0.62,0,0.0,0.62,22.82,98278,42
470,0,0.0,0.62,75828,0.51,262.66,27.34,98859,40
1280,0,0.0,0.62,82161,0.55,284.49,24.35,98416,43
1975,0,0.0,0.62,133233,0.89,460.27,20.76,98143,49
606,0,0.0,0.62,84168,0.56,291.4,29.65,98774,25
1979,0,0.0,0.62,0,0.0,0.62,20.76,98133,49
1526,127252,0.85,439.7,171370,1.14,591.38,23.27,98317,40
26,0,0.0,0.62,84426,0.56,292.29,18.92,98864,74
1605,0,0.0,0.62,0,0.0,0.62,22.64,98279,42
573,166794,1.11,575.65,340468,2.27,1174.19,28.27,98777,26
1615,26279,0.18,91.61,131769,0.88,455.23,22.71,98276,42
1986,0,0.0,0.62,116816,0.78,403.8,20.88,98136,49
730,0,0.0,0.62,2139,0.01,8.03,28.49,98783,29
1855,0,0.0,0.62,9780,0.07,34.51,21.53,98148,46
1954,0,0.0,0.62,133691,0.89,461.84,21.01,98146,48
1867,0,0.0,0.62,50524,0.34,175.38,21.4,98143,46
849,0,0.0,0.62,0,0.0,0.62,24.84,98927,37
1422,0,0.0,0.62,0,0.0,0.62,23.54,98350,43
410,0,0.0,0.62,142589,0.95,492.44,26.42,98908,46
852,0,0.0,0.62,0,0.0,0.62,24.8,98928,36
716,0,0.0,0.62,52020,0.35,180.54,29.28,98790,29
676,0,0.0,0.62,24868,0.17,86.73,28.78,98782,28
1759,0,0.0,0.62,67153,0.45,232.75,22.15,98174,45
71,0,0.0,0.62,31813,0.21,110.74,18.25,98907,79
119,126668,0.84,437.69,294052,1.96,1013.68,18.05,98917,80
1796,0,0.0,0.62,85668,0.57,296.57,21.78,98165,46
554,0,0.0,0.62,0,0.0,0.62,27.84,98780,29
1876,0,0.0,0.62,5796,0.04,20.71,21.27,98143,46
17,0,0.0,0.62,322161,2.15,1110.81,19.08,98858,73
1987,0,0.0,0.62,0,0.0,0.62,20.9,98133,49
924,0,0.0,0.62,144120,0.96,497.7,22.41,98942,39
1900,0,0.0,0.62,45872,0.31,159.32,21.35,98138,46
972,0,0.0,0.62,0,0.0,0.62,33.02,98450,22
378,0,0.0,0.62,86360,0.58,298.95,17.26,98937,82
271,0,0.0,0.62,389993,2.6,1346.24,17.17,98909,84
1944,0,0.0,0.62,40714,0.27,141.5,21.05,98153,48
583,0,0.0,0.62,0,0.0,0.62,28.7,98774,26
127,0,0.0,0.62,223262,1.49,769.8,18.03,98916,80
1176,0,0.0,0.62,154419,1.03,533.11,25.53,98436,39
169,92168,0.61,318.96,355813,2.37,1227.41,18.15,98907,80
1007,0,0.0,0.62,0,0.0,0.62,32.4,98433,23
647,0,0.0,0.62,98356,0.66,340.26,29.17,98771,28
1847,0,0.0,0.62,0,0.0,0.62,21.54,98138,46
422,0,0.0,0.62,0,0.0,0.62,26.69,98902,43
1820,0,0.0,0.62,5400,0.04,19.34,21.94,98155,46
1873,0,0.0,0.62,0,0.0,0.62,21.28,98139,47
587,0,0.0,0.62,0,0.0,0.62,28.8,98774,26
627,0,0.0,0.62,55894,0.37,193.92,29.59,98779,27
104,90611,0.6,313.59,504539,3.36,1748.56,18.86,98918,76
1715,0,0.0,0.62,120636,0.8,416.94,22.46,98187,43
346,0,0.0,0.62,171943,1.15,593.35,17.22,98918,84
674,0,0.0,0.62,41442,0.28,144.02,28.86,98784,28
103,0,0.0,0.62,314031,2.09,1082.7,18.92,98917,77
1396,0,0.0,0.62,0,0.0,0.62,23.74,98366,45
1456,0,0.0,0.62,40194,0.27,139.71,23.71,98352,41
975,0,0.0,0.62,0,0.0,0.62,33.34,98445,21
1217,39400,0.26,136.96,160232,1.07,553.1,24.91,98433,42
1607,0,0.0,0.62,0,0.0,0.62,22.72,98275,42
743,0,0.0,0.62,5921,0.04,21.14,27.17,98796,31
1198,275010,1.83,947.99,404778,2.7,1397.79,25.18,98426,41
1023,0,0.0,0.62,20674,0.14,72.22,32.01,98424,23
728,73173,0.49,253.51,109843,0.73,379.8,28.53,98785,29
1804,129049,0.86,445.88,180457,1.2,622.62,21.88,98163,46
1662,0,0.0,0.62,30464,0.2,106.08,22.42,98219,43
996,36820,0.25,128.05,88465,0.59,306.2,33.08,98441,22
1123,95203,0.63,329.41,393446,2.62,1358.27,26.31,98451,36
1560,0,0.0,0.62,0,0.0,0.62,23.05,98291,41
810,0,0.0,0.62,0,0.0,0.62,25.88,98847,34
257,0,0.0,0.62,0,0.0,0.62,17.2,98905,85
997,0,0.0,0.62,72052,0.48,249.65,33.0,98436,22
1143,167528,1.12,578.18,312062,2.08,1075.89,25.75,98430,38
2025,0,0.0,0.62,0,0.0,0.62,20.87,98126,50
407,266830,1.78,919.8,694496,4.63,2435.92,26.37,98915,46
1906,0,0.0,0.62,66010,0.44,228.81,21.28,98143,46
1619,0,0.0,0.62,97721,0.65,338.08,22.64,98268,43
987,75115,0.5,260.2,146063,0.97,504.38,33.78,98443,21
1205,0,0.0,0.62,0,0.0,0.62,24.95,98428,41
1177,0,0.0,0.62,0,0.0,0.62,25.58,98437,39
1761,0,0.0,0.62,0,0.0,0.62,22.12,98171,45
1550,0,0.0,0.62,0,0.0,0.62,23.3,98302,40
1368,0,0.0,0.62,20830,0.14,72.76,23.83,98370,44
2026,315098,2.1,1086.39,508210,3.39,1761.58,20.9,98125,50
1512,0,0.0,0.62,0,0.0,0.62,23.17,98330,40
152,0,0.0,0.62,252256,1.68,869.59,18.38,98922,79
51,0,0.0,0.62,102734,0.68,355.34,18.34,98885,77
1912,0,0.0,0.62,0,0.0,0.62,21.24,98143,47
1545,0,0.0,0.62,88171,0.59,305.19,23.22,98298,40
1264,0,0.0,0.62,2688,0.02,9.94,24.87,98432,42
314,45998,0.31,159.75,423711,2.82,1463.96,17.21,98905,85
81,0,0.0,0.62,175093,1.17,604.18,18.44,98911,79
1185,130551,0.87,451.04,282803,1.89,974.87,25.34,98435,40
577,0,0.0,0.62,3987,0.03,14.44,28.39,98786,27
1076,124793,0.83,431.24,320818,2.14,1106.17,26.33,98433,35
2031,0,0.0,0.62,54409,0.36,188.79,20.83,98131,50
1437,0,0.0,0.62,54207,0.36,188.09,23.52,98344,42
1772,0,0.0,0.62,0,0.0,0.62,22.03,98171,45
280,31443,0.21,109.47,286965,1.91,989.23,17.14,98908,84
31,0,0.0,0.62,264318,1.76,911.14,18.89,98861,75
655,0,0.0,0.62,90799,0.61,314.24,28.94,98784,29
241,56142,0.37,194.77,505350,3.37,1751.43,17.25,98912,85
140,172661,1.15,595.82,294241,1.96,1014.34,18.46,98926,79
1004,0,0.0,0.62,0,0.0,0.62,32.47,98432,23
1062,0,0.0,0.62,0,0.0,0.62,26.5,98430,34
1576,0,0.0,0.62,0,0.0,0.62,22.91,98282,42
1972,0,0.0,0.62,0,0.0,0.62,20.85,98143,49
415,0,0.0,0.62,0,0.0,0.62,26.62,98894,45
499,0,0.0,0.62,7807,0.05,27.67,27.56,98800,35
251,0,0.0,0.62,105578,0.7,365.12,17.23,98905,85
946,0,0.0,0.62,0,0.0,0.62,31.73,98499,22
746,0,0.0,0.62,17154,0.11,60.04,27.13,98792,31
1995,0,0.0,0.62,0,0.0,0.62,20.91,98138,49
1180,0,0.0,0.62,0,0.0,0.62,25.43,98438,39
1817,46694,0.31,162.16,187685,1.25,647.47,21.96,98155,46
642,0,0.0,0.62,242844,1.62,837.19,29.08,98774,27
1752,0,0.0,0.62,0,0.0,0.62,22.23,98178,44
918,0,0.0,0.62,0,0.0,0.62,23.15,98952,39
1937,59578,0.4,206.63,118535,0.79,409.71,21.13,98154,47
1517,0,0.0,0.62,68649,0.46,237.91,23.22,98320,40
1448,0,0.0,0.62,79610,0.53,275.7,23.54,98344,42
1214,28356,0.19,98.79,57713,0.38,200.19,24.87,98432,42
846,0,0.0,0.62,15210,0.1,53.31,24.85,98928,37
1425,92411,0.62,319.79,143422,0.96,495.3,23.51,98349,43
1188,0,0.0,0.62,0,0.0,0.62,25.21,98436,40
1483,0,0.0,0.62,1932,0.01,7.32,23.42,98345,41
1401,135320,0.9,467.44,180116,1.2,621.45,23.78,98362,45
1515,0,0.0,0.62,5959,0.04,21.27,23.15,98325,40
1395,0,0.0,0.62,0,0.0,0.62,23.79,98369,45
1750,0,0.0,0.62,77945,0.52,269.96,22.31,98175,44
1927,0,0.0,0.62,0,0.0,0.62,21.24,98154,47
1325,0,0.0,0.62,206993,1.38,713.85,24.33,98408,43
1760,0,0.0,0.62,175023,1.17,603.94,22.12,98170,45
1262,0,0.0,0.62,0,0.0,0.62,24.85,98433,42
1201,0,0.0,0.62,0,0.0,0.62,25.03,98424,41
687,0,0.0,0.62,87630,0.58,303.33,29.0,98786,26
59,0,0.0,0.62,2571,0.02,9.53,18.14,98887,79
631,0,0.0,0.62,119583,0.8,413.32,29.37,98777,28
1973,0,0.0,0.62,112014,0.75,387.27,20.87,98142,49
1947,0,0.0,0.62,34063,0.23,118.52,21.0,98155,48
1616,108528,0.72,375.28,159218,1.06,549.61,22.68,98276,42
157,141713,0.94,489.43,295451,1.97,1018.51,18.22,98922,79
209,362568,2.42,1250.86,903313,6.02,3234.53,17.58,98880,83
421,0,0.0,0.62,33269,0.22,115.78,26.79,98902,43
1234,0,0.0,0.62,34636,0.23,120.5,25.03,98437,42
812,0,0.0,0.62,0,0.0,0.62,25.79,98851,34
1877,0,0.0,0.62,0,0.0,0.62,21.28,98141,46
36,0,0.0,0.62,22832,0.15,79.69,18.64,98865,75
317,237951,1.59,820.35,537700,3.58,1866.49,17.2,98906,85
741,0,0.0,0.62,83898,0.56,290.47,27.27,98794,31
1199,0,0.0,0.62,0,0.0,0.62,25.05,98423,41
1952,0,0.0,0.62,83358,0.56,288.61,21.01,98149,48
579,0,0.0,0.62,0,0.0,0.62,28.4,98789,27
764,0,0.0,0.62,0,0.0,0.62,26.46,98805,33
1629,0,0.0,0.62,318660,2.12,1098.7,22.67,98264,42
430,41852,0.28,145.43,1646356,10.98,6704.64,26.74,98897,41
1683,58046,0.39,201.34,124278,0.83,429.47,22.37,98202,43
362,59035,0.39,204.75,147799,0.99,510.35,17.28,98926,82
1500,0,0.0,0.62,72892,0.49,252.54,23.29,98340,41
277,0,0.0,0.62,145777,0.97,503.4,17.17,98909,84
1838,0,0.0,0.62,83850,0.56,290.3,21.68,98151,46
424,33626,0.22,117.01,207196,1.38,714.55,26.72,98897,42
85,0,0.0,0.62,110801,0.74,383.1,18.58,98912,78
949,0,0.0,0.62,0,0.0,0.62,31.78,98501,21
1150,0,0.0,0.62,101265,0.68,350.28,25.62,98427,38
1522,343821,2.29,1185.81,686736,4.58,2407.21,23.23,98319,40
485,7050,0.05,25.05,171944,1.15,593.36,27.63,98781,36
739,140165,0.93,484.1,186463,1.24,643.27,27.37,98788,30
1293,0,0.0,0.62,0,0.0,0.62,24.23,98418,43
874,0,0.0,0.62,9147,0.06,32.32,24.41,98950,37
1698,0,0.0,0.62,0,0.0,0.62,22.29,98192,44
1936,0,0.0,0.62,0,0.0,0.62,21.14,98154,47
1192,0,0.0,0.62,0,0.0,0.62,25.21,98430,40
1914,79644,0.53,275.81,151588,1.01,523.38,21.29,98152,47
1472,0,0.0,0.62,17408,0.12,60.92,23.59,98340,41
49,0,0.0,0.62,109682,0.73,379.25,18.4,98886,77
1387,0,0.0,0.62,0,0.0,0.62,23.68,98366,45
1653,0,0.0,0.62,64335,0.43,223.04,22.62,98240,42
442,82051,0.55,284.11,459814,3.07,1590.62,27.46,98885,42
484,0,0.0,0.62,74685,0.5,258.72,27.61,98781,35
514,0,0.0,0.62,18064,0.12,63.19,27.53,98780,32
394,10025,0.07,35.36,240189,1.6,828.05,17.23,98925,83
1874,147495,0.98,509.31,229046,1.53,789.7,21.29,98141,46
290,33099,0.22,115.19,557859,3.72,1938.56,17.13,98911,84
2022,0,0.0,0.62,0,0.0,0.62,20.91,98120,50
1815,0,0.0,0.62,0,0.0,0.62,21.92,98154,46
664,0,0.0,0.62,0,0.0,0.62,28.78,98788,27
693,0,0.0,0.62,0,0.0,0.62,29.0,98784,26
1288,115525,0.77,399.36,441513,2.94,1526.33,24.15,98424,43
348,0,0.0,0.62,144443,0.96,498.81,17.2,98910,84
864,0,0.0,0.62,25285,0.17,88.17,24.57,98939,37
673,38919,0.26,135.3,100627,0.67,348.08,28.85,98782,28
495,0,0.0,0.62,34730,0.23,120.83,27.55,98800,35
393,88196,0.59,305.28,356885,2.38,1231.13,17.22,98927,82
1568,0,0.0,0.62,33697,0.22,117.26,22.97,98291,41
1405,0,0.0,0.62,0,0.0,0.62,23.78,98359,44
144,0,0.0,0.62,150282,1.0,518.89,18.38,98924,79
1181,0,0.0,0.62,66767,0.45,231.42,25.34,98439,39
502,0,0.0,0.62,0,0.0,0.62,27.52,98796,35
336,0,0.0,0.62,200085,1.33,690.1,17.24,98913,84
46,125525,0.84,433.76,174682,1.16,602.77,18.56,98879,76
1421,0,0.0,0.62,0,0.0,0.62,23.57,98352,43
1492,0,0.0,0.62,138536,0.92,478.5,23.26,98340,41
620,0,0.0,0.62,0,0.0,0.62,29.69,98772,28
523,0,0.0,0.62,0,0.0,0.62,27.74,98772,31
1555,0,0.0,0.62,0,0.0,0.62,23.12,98298,40
1558,0,0.0,0.62,1259,0.01,4.98,23.08,98296,41
772,0,0.0,0.62,21579,0.14,75.35,26.36,98819,33
1828,0,0.0,0.62,114772,0.77,396.76,21.82,98151,46
200,97901,0.65,338.7,337915,2.25,1165.35,17.76,98879,82
311,70457,0.47,244.15,454942,3.03,1573.49,17.2,98908,85
2033,0,0.0,0.62,3020,0.02,11.09,20.75,98130,51
1809,135904,0.91,469.45,314720,2.1,1085.08,21.92,98151,46
706,0,0.0,0.62,0,0.0,0.62,29.28,98783,26
1863,0,0.0,0.62,199212,1.33,687.1,21.44,98143,46
112,70098,0.47,242.91,386368,2.58,1333.62,18.43,98922,78
755,0,0.0,0.62,46554,0.31,161.67,26.71,98799,33
1765,0,0.0,0.62,0,0.0,0.62,22.08,98171,45
601,0,0.0,0.62,0,0.0,0.62,29.48,98780,27
1894,327692,2.18,1129.95,532978,3.55,1849.65,21.23,98144,46
411,0,0.0,0.62,132601,0.88,458.09,26.42,98904,45
519,0,0.0,0.62,0,0.0,0.62,27.68,98776,31
1789,0,0.0,0.62,135263,0.9,467.25,21.89,98167,46
1391,0,0.0,0.62,261745,1.74,902.28,23.74,98366,45
531,0,0.0,0.62,0,0.0,0.62,27.74,98778,32
1948,0,0.0,0.62,0,0.0,0.62,21.03,98156,48
1639,99704,0.66,344.9,149315,1.0,515.56,22.7,98246,42
320,0,0.0,0.62,158596,1.06,547.47,17.21,98903,85
1697,0,0.0,0.62,53576,0.36,185.92,22.32,98194,43
1260,0,0.0,0.62,0,0.0,0.62,24.75,98431,42
836,0,0.0,0.62,2513,0.02,9.33,25.06,98924,37
146,0,0.0,0.62,159653,1.06,551.11,18.38,98921,78
1376,0,0.0,0.62,18349,0.12,64.18,23.87,98367,44
537,0,0.0,0.62,0,0.0,0.62,27.58,98774,32
550,77265,0.52,267.61,279453,1.86,963.31,27.84,98779,29
1358,0,0.0,0.62,0,0.0,0.62,24.08,98369,44
596,0,0.0,0.62,0,0.0,0.62,29.17,98766,27
681,0,0.0,0.62,46365,0.31,161.02,28.82,98782,27
487,0,0.0,0.62,0,0.0,0.62,27.61,98785,36
350,74407,0.5,257.76,464930,3.1,1608.63,17.2,98910,84
1830,0,0.0,0.62,168,0.0,1.2,21.8,98158,46
646,0,0.0,0.62,38023,0.25,132.21,29.16,98769,27
1665,0,0.0,0.62,0,0.0,0.62,22.36,98218,43
1668,0,0.0,0.62,105974,0.71,366.49,22.31,98214,43
1557,0,0.0,0.62,51249,0.34,177.88,23.03,98298,41
1667,0,0.0,0.62,0,0.0,0.62,22.38,98218,43
920,0,0.0,0.62,0,0.0,0.62,22.46,98939,39
335,2147,0.01,8.06,580163,3.87,2018.65,17.24,98917,84
321,140838,0.94,486.42,562428,3.75,1954.93,17.22,98902,85
1063,0,0.0,0.62,106288,0.71,367.57,26.53,98429,34
1240,0,0.0,0.62,68145,0.45,236.17,24.92,98430,42
612,0,0.0,0.62,150035,1.0,518.04,29.82,98770,25
1097,0,0.0,0.62,151315,1.01,522.44,26.5,98446,35
720,0,0.0,0.62,0,0.0,0.62,28.98,98785,29
1436,0,0.0,0.62,65688,0.44,227.7,23.48,98339,43
787,0,0.0,0.62,0,0.0,0.62,26.18,98818,34
1191,0,0.0,0.62,47354,0.32,164.44,25.18,98433,40
530,0,0.0,0.62,107750,0.72,372.6,27.77,98777,32
1052,0,0.0,0.62,39574,0.26,137.57,32.33,98420,23
401,4407,0.03,15.89,236586,1.58,815.65,17.22,98942,82
663,0,0.0,0.62,168803,1.13,582.56,28.82,98782,27
742,127680,0.85,441.17,300006,2.0,1034.24,27.21,98790,31
1393,0,0.0,0.62,15516,0.1,54.37,23.71,98369,45
792,0,0.0,0.62,76404,0.51,264.65,26.18,98820,34
186,0,0.0,0.62,216079,1.44,745.1,18.1,98898,81
1163,817,0.01,3.45,126057,0.84,435.59,25.51,98435,39
1694,0,0.0,0.62,0,0.0,0.62,22.32,98202,43
1398,0,0.0,0.62,3000,0.02,11.02,23.83,98365,45
724,0,0.0,0.62,162855,1.09,562.11,28.64,98784,28
1308,0,0.0,0.62,90530,0.6,313.32,24.2,98407,44
1397,0,0.0,0.62,118346,0.79,409.06,23.78,98368,45
1957,0,0.0,0.62,0,0.0,0.62,20.97,98149,48
28,62874,0.42,218.0,241889,1.61,833.9,18.98,98863,74
895,0,0.0,0.62,0,0.0,0.62,24.3,98952,38
503,0,0.0,0.62,0,0.0,0.62,27.49,98794,35
738,0,0.0,0.62,0,0.0,0.62,27.41,98788,30
1916,0,0.0,0.62,0,0.0,0.62,21.26,98143,47
1516,0,0.0,0.62,78630,0.52,272.32,23.17,98324,40
1164,0,0.0,0.62,0,0.0,0.62,25.52,98431,39
426,0,0.0,0.62,1565434,10.44,6263.91,26.84,98894,42
613,0,0.0,0.62,159524,1.06,550.66,29.81,98765,26
50,0,0.0,0.62,200489,1.34,691.49,18.37,98886,77
35,0,0.0,0.62,56770,0.38,196.94,18.69,98865,75
600,0,0.0,0.62,0,0.0,0.62,29.44,98772,27
1597,0,0.0,0.62,113850,0.76,393.59,22.76,98278,42
1571,0,0.0,0.62,0,0.0,0.62,22.97,98284,41
43,5588,0.04,19.99,199116,1.33,686.77,18.54,98876,76
386,0,0.0,0.62,112750,0.75,389.81,17.25,98924,83
1691,50135,0.33,174.04,187714,1.25,647.57,22.33,98202,43
1266,0,0.0,0.62,0,0.0,0.62,24.81,98432,42
1365,0,0.0,0.62,0,0.0,0.62,23.84,98363,44
94,215719,1.44,743.86,438206,2.92,1514.73,18.68,98916,78
370,179666,1.2,619.9,520397,3.47,1804.86,17.28,98936,83
887,0,0.0,0.62,0,0.0,0.62,24.39,98948,38
339,0,0.0,0.62,61580,0.41,213.53,17.25,98917,84
1079,0,0.0,0.62,235122,1.57,810.61,26.48,98435,35
1184,0,0.0,0.62,10316,0.07,36.36,25.29,98438,40
1416,0,0.0,0.62,75324,0.5,260.92,23.51,98355,43
1795,76259,0.51,264.15,194442,1.3,670.7,21.78,98165,46
1316,0,0.0,0.62,101502,0.68,351.09,24.32,98404,43
910,0,0.0,0.62,29309,0.2,102.09,24.15,98951,38
1005,0,0.0,0.62,107049,0.71,370.19,32.55,98434,22
1623,0,0.0,0.62,132904,0.89,459.14,22.65,98264,42
1014,0,0.0,0.62,0,0.0,0.62,32.44,98427,23
522,0,0.0,0.62,68888,0.46,238.74,27.71,98773,31
265,205857,1.37,709.94,654645,4.36,2289.12,17.18,98908,84
357,0,0.0,0.62,58614,0.39,203.3,17.23,98919,83
354,227344,1.52,783.85,415589,2.77,1435.55,17.18,98914,83
659,0,0.0,0.62,0,0.0,0.62,28.91,98786,28
1974,0,0.0,0.62,0,0.0,0.62,20.8,98140,49
1907,0,0.0,0.62,0,0.0,0.62,21.3,98148,46
1983,260916,1.74,899.42,368550,2.46,1271.64,20.85,98142,49
1361,0,0.0,0.62,110333,0.74,381.49,24.14,98368,44
1106,0,0.0,0.62,184538,1.23,636.65,26.42,98451,36
1231,0,0.0,0.62,0,0.0,0.62,24.97,98435,42
41,211744,1.41,730.19,494787,3.3,1714.01,18.53,98869,76
1331,0,0.0,0.62,64928,0.43,225.08,24.15,98401,44
1747,0,0.0,0.62,0,0.0,0.62,22.3,98178,44
1190,0,0.0,0.62,50095,0.33,173.9,25.18,98431,40
456,0,0.0,0.62,0,0.0,0.62,27.73,98881,39
494,0,0.0,0.62,0,0.0,0.62,27.55,98796,35
1602,53581,0.36,185.93,194245,1.29,670.02,22.69,98274,42
1112,0,0.0,0.62,80166,0.53,277.61,26.44,98446,36
762,0,0.0,0.62,4113,0.03,14.88,26.49,98804,33
4,153937,1.03,531.46,285021,1.9,982.52,20.2,98868,68
1704,0,0.0,0.62,159292,1.06,549.86,22.4,98192,43
916,0,0.0,0.62,8314,0.06,29.43,23.17,98955,39
136,0,0.0,0.62,47117,0.31,163.62,18.4,98930,80
359,86339,0.58,298.88,552770,3.69,1920.33,17.25,98916,82
45,0,0.0,0.62,42432,0.28,147.44,18.58,98882,76
1491,0,0.0,0.62,77032,0.51,266.81,23.33,98345,41
228,0,0.0,0.62,132646,0.88,458.25,17.64,98898,83
143,40702,0.27,141.46,388422,2.59,1340.77,18.39,98919,79
1105,0,0.0,0.62,85500,0.57,295.99,26.34,98453,36
1432,0,0.0,0.62,0,0.0,0.62,23.43,98344,43
985,0,0.0,0.62,0,0.0,0.62,33.73,98440,21
1326,0,0.0,0.62,49322,0.33,171.23,24.31,98408,43
1366,0,0.0,0.62,0,0.0,0.62,23.88,98364,44
451,0,0.0,0.62,888786,5.93,3177.16,27.48,98878,39
811,0,0.0,0.62,0,0.0,0.62,25.81,98848,34
298,57150,0.38,198.25,325108,2.17,1121.01,17.15,98911,85
1670,0,0.0,0.62,0,0.0,0.62,22.29,98217,43
1859,0,0.0,0.62,37844,0.25,131.59,21.58,98148,46
1019,0,0.0,0.62,44608,0.3,154.95,32.44,98424,23
992,0,0.0,0.62,155215,1.03,535.85,33.24,98438,22
1646,132666,0.88,458.32,189236,1.26,652.8,22.7,98248,42
1991,0,0.0,0.62,97385,0.65,336.92,20.86,98137,49
2047,111842,0.75,386.68,162113,1.08,559.56,20.76,98125,51
827,0,0.0,0.62,41730,0.28,145.01,25.66,98868,35
1990,0,0.0,0.62,0,0.0,0.62,20.87,98136,49
1037,0,0.0,0.62,0,0.0,0.62,32.86,98426,22
402,156141,1.04,539.03,416825,2.78,1439.87,17.23,98942,82
729,0,0.0,0.62,0,0.0,0.62,28.57,98790,29
295,184980,1.23,638.17,798170,5.32,2825.75,17.13,98905,85
1080,98276,0.66,339.99,213138,1.42,734.98,26.51,98436,35
471,0,0.0,0.62,0,0.0,0.62,27.31,98862,41
1788,0,0.0,0.62,0,0.0,0.62,21.89,98162,46
1717,0,0.0,0.62,29413,0.2,102.45,22.49,98193,43
1099,0,0.0,0.62,0,0.0,0.62,26.44,98446,36
1958,0,0.0,0.62,59018,0.39,204.69,20.88,98148,48
37,86404,0.58,299.1,240731,1.6,829.91,18.58,98862,76
33,120891,0.81,417.82,382564,2.55,1320.37,18.77,98861,75
2003,0,0.0,0.62,0,0.0,0.62,21.01,98131,49
443,0,0.0,0.62,236085,1.57,813.92,27.53,98889,42
507,0,0.0,0.62,102201,0.68,353.5,27.51,98788,34
1784,0,0.0,0.62,5130,0.03,18.4,21.88,98160,45
1594,0,0.0,0.62,88908,0.59,307.73,22.79,98276,42
1419,0,0.0,0.62,956,0.01,3.93,23.59,98349,43
341,89414,0.6,309.47,278099,1.85,958.64,17.26,98920,84
712,43314,0.29,150.48,182151,1.21,628.44,29.31,98790,29
1000,0,0.0,0.62,119623,0.8,413.45,32.88,98440,22
633,0,0.0,0.62,58437,0.39,202.69,29.31,98783,27
931,0,0.0,0.62,63585,0.42,220.45,31.96,98508,21
1027,0,0.0,0.62,78862,0.53,273.12,32.34,98423,23
95,91665,0.61,317.22,309543,2.06,1067.19,18.74,98920,77
124,0,0.0,0.62,2599,0.02,9.63,17.99,98923,81
2010,0,0.0,0.62,3540,0.02,12.89,20.85,98131,49
176,0,0.0,0.62,303770,2.03,1047.24,18.1,98894,81
903,0,0.0,0.62,127281,0.85,439.8,24.27,98955,38
1579,0,0.0,0.62,28808,0.19,100.36,22.87,98278,42
1953,0,0.0,0.62,49700,0.33,172.54,21.0,98155,48
814,0,0.0,0.62,0,0.0,0.62,25.78,98853,34
1701,0,0.0,0.62,64320,0.43,222.98,22.37,98193,43
1603,212261,1.42,731.97,311151,2.07,1072.74,22.69,98275,42
1732,0,0.0,0.62,20328,0.14,71.02,22.42,98187,44
197,82243,0.55,284.77,479073,3.19,1658.48,17.81,98884,82
855,0,0.0,0.62,7265,0.05,25.8,24.75,98926,37
1949,0,0.0,0.62,44959,0.3,156.17,21.02,98153,48
1939,0,0.0,0.62,235228,1.57,810.97,21.16,98151,47
2034,0,0.0,0.62,70828,0.47,245.43,20.76,98127,51
102,229689,1.53,791.91,599779,4.0,2089.42,18.9,98916,77
1110,0,0.0,0.62,118645,0.79,410.09,26.44,98450,36
450,364184,2.43,1256.47,1091987,7.28,4009.18,27.58,98889,41
180,37134,0.25,129.14,272325,1.82,938.74,17.98,98896,81
825,0,0.0,0.62,70646,0.47,244.8,25.67,98862,35
960,0,0.0,0.62,0,0.0,0.62,33.18,98456,21
194,0,0.0,0.62,163723,1.09,565.1,17.93,98889,81
538,0,0.0,0.62,0,0.0,0.62,27.57,98781,33
1122,0,0.0,0.62,70141,0.47,243.06,26.3,98451,36
91,73521,0.49,254.71,431181,2.87,1490.11,18.49,98917,78
405,0,0.0,0.62,313981,2.09,1082.53,17.26,98946,82
568,0,0.0,0.62,137033,0.91,473.34,28.16,98778,27
412,0,0.0,0.62,29300,0.2,102.06,26.43,98908,45
1482,0,0.0,0.62,140215,0.93,484.28,23.4,98341,41
205,95002,0.63,328.72,255669,1.7,881.35,17.65,98880,83
425,723931,4.83,2545.39,954095,6.36,3437.48,26.79,98895,43
1785,0,0.0,0.62,89852,0.6,310.98,21.95,98167,45
395,0,0.0,0.62,239950,1.6,827.23,17.22,98927,83
384,136477,0.91,471.42,612842,4.09,2136.73,17.23,98921,83
703,93185,0.62,322.46,189219,1.26,652.74,29.32,98789,26
1540,57672,0.38,200.05,158863,1.06,548.39,23.21,98309,40
61,57480,0.38,199.39,224109,1.49,772.72,18.12,98886,79
213,0,0.0,0.62,239177,1.59,824.56,17.65,98881,83
110,64669,0.43,224.19,347440,2.32,1198.36,18.54,98925,78
255,0,0.0,0.62,322500,2.15,1111.99,17.21,98907,85
2002,0,0.0,0.62,0,0.0,0.62,21.0,98128,49
861,36835,0.25,128.1,133495,0.89,461.17,24.63,98933,38
1551,0,0.0,0.62,0,0.0,0.62,23.26,98301,40
761,0,0.0,0.62,0,0.0,0.62,26.51,98806,33
933,0,0.0,0.62,113789,0.76,393.38,31.92,98506,21
1843,0,0.0,0.62,64411,0.43,223.3,21.61,98145,46
1269,68941,0.46,238.92,395324,2.64,1364.82,24.7,98430,42
2024,0,0.0,0.62,69482,0.46,240.78,20.87,98124,50
1659,0,0.0,0.62,0,0.0,0.62,22.5,98222,43
477,0,0.0,0.62,0,0.0,0.62,27.55,98795,37
1614,0,0.0,0.62,103477,0.69,357.89,22.65,98277,42
959,0,0.0,0.62,0,0.0,0.62,33.06,98454,20
634,0,0.0,0.62,74303,0.5,257.41,29.29,98773,28
129,0,0.0,0.62,205059,1.37,707.2,18.06,98918,80
1278,0,0.0,0.62,60152,0.4,208.61,24.36,98419,43
2045,0,0.0,0.62,190297,1.27,656.45,20.72,98123,51
551,0,0.0,0.62,39805,0.27,138.36,27.87,98781,31
1811,0,0.0,0.62,61546,0.41,213.42,21.96,98158,46
1632,146044,0.97,504.32,435251,2.9,1504.37,22.58,98264,42
936,0,0.0,0.62,0,0.0,0.62,31.82,98505,21
1786,0,0.0,0.62,0,0.0,0.62,21.95,98167,46
651,0,0.0,0.62,96327,0.64,333.28,28.99,98782,28
1654,0,0.0,0.62,0,0.0,0.62,22.59,98236,42
343,112215,0.75,387.97,580745,3.87,2020.75,17.23,98923,84
24,138235,0.92,477.47,428075,2.85,1479.23,18.78,98863,75
463,0,0.0,0.62,1699892,11.33,7006.52,27.64,98871,41
1227,35393,0.24,123.12,134019,0.89,462.97,24.89,98431,42
711,0,0.0,0.62,0,0.0,0.62,29.26,98787,29
286,84106,0.56,291.19,158153,1.05,545.95,17.13,98911,84
289,42324,0.28,147.07,191894,1.28,661.94,17.13,98908,84
196,0,0.0,0.62,487832,3.25,1689.42,17.84,98884,82
704,51599,0.34,179.09,181351,1.21,625.69,29.35,98782,26
1341,0,0.0,0.62,0,0.0,0.62,24.23,98392,43
1663,0,0.0,0.62,1542,0.01,5.97,22.39,98222,43
1244,3197,0.02,11.7,409437,2.73,1414.06,24.95,98430,42
586,63851,0.43,221.37,194108,1.29,669.55,28.81,98777,26
1660,0,0.0,0.62,170998,1.14,590.1,22.52,98222,43
2040,0,0.0,0.62,19496,0.13,68.14,20.8,98133,51
794,0,0.0,0.62,47774,0.32,165.89,26.18,98821,33
1518,0,0.0,0.62,178742,1.19,616.72,23.24,98319,40
436,0,0.0,0.62,3136,0.02,11.49,27.2,98892,44
153,0,0.0,0.62,103795,0.69,358.99,18.34,98919,79
1713,0,0.0,0.62,0,0.0,0.62,22.41,98189,44
38,0,0.0,0.62,119217,0.79,412.06,18.5,98869,76
1016,119539,0.8,413.17,255644,1.7,881.26,32.51,98427,23
1746,0,0.0,0.62,3162,0.02,11.58,22.29,98181,44
607,101976,0.68,352.73,248176,1.65,855.54,29.61,98771,25
760,0,0.0,0.62,12886,0.09,45.26,26.54,98808,32
905,0,0.0,0.62,0,0.0,0.62,24.23,98958,39
452,0,0.0,0.62,118404,0.79,409.26,27.45,98879,38
1808,0,0.0,0.62,162827,1.09,562.02,21.89,98156,46
1059,0,0.0,0.62,0,0.0,0.62,26.67,98424,34
1854,0,0.0,0.62,52327,0.35,181.6,21.52,98144,46
294,36339,0.24,126.39,704726,4.7,2473.87,17.13,98910,85
1247,0,0.0,0.62,0,0.0,0.62,24.97,98427,42
1038,0,0.0,0.62,108827,0.73,376.31,32.81,98426,22
513,0,0.0,0.62,0,0.0,0.62,27.56,98786,33
1086,0,0.0,0.62,98280,0.66,340.0,26.56,98437,35
1442,0,0.0,0.62,0,0.0,0.62,23.53,98343,42
821,0,0.0,0.62,0,0.0,0.62,25.7,98859,34
1475,0,0.0,0.62,0,0.0,0.62,23.52,98340,41
828,0,0.0,0.62,0,0.0,0.62,25.63,98874,35
508,0,0.0,0.62,89696,0.6,310.44,27.52,98789,34
259,0,0.0,0.62,69715,0.46,241.59,17.19,98903,85
526,0,0.0,0.62,0,0.0,0.62,27.78,98771,32
396,0,0.0,0.62,0,0.0,0.62,17.21,98926,82
786,0,0.0,0.62,137160,0.91,473.77,26.16,98819,33
1259,0,0.0,0.62,0,0.0,0.62,24.85,98432,42
1167,0,0.0,0.62,42623,0.28,148.1,25.42,98428,39
1699,0,0.0,0.62,35083,0.23,122.05,22.32,98192,44
1041,0,0.0,0.62,60816,0.41,210.9,32.43,98423,22
1320,0,0.0,0.62,0,0.0,0.62,24.28,98409,43
648,0,0.0,0.62,0,0.0,0.62,29.14,98772,28
1156,0,0.0,0.62,33356,0.22,116.08,25.53,98430,39
833,20397,0.14,71.26,135941,0.91,469.58,25.12,98921,37
717,0,0.0,0.62,13853,0.09,48.61,29.17,98789,28
1834,0,0.0,0.62,0,0.0,0.62,21.7,98147,46
1357,139350,0.93,481.3,185344,1.24,639.42,24.07,98375,44
1108,168957,1.13,583.09,262475,1.75,904.79,26.51,98448,36
1547,83734,0.56,289.91,235175,1.57,810.79,23.3,98302,40
1895,0,0.0,0.62,0,0.0,0.62,21.27,98144,46
2044,0,0.0,0.62,144973,0.97,500.64,20.73,98132,51
501,0,0.0,0.62,0,0.0,0.62,27.53,98792,35
7,178599,1.19,616.23,305667,2.04,1053.79,19.83,98868,70
34,0,0.0,0.62,143012,0.95,493.89,18.73,98865,75
1074,0,0.0,0.62,0,0.0,0.62,26.3,98438,35
571,0,0.0,0.62,134834,0.9,465.77,28.22,98779,27
1864,0,0.0,0.62,84290,0.56,291.82,21.49,98147,46
666,0,0.0,0.62,0,0.0,0.62,28.78,98782,28
1849,0,0.0,0.62,23816,0.16,83.09,21.54,98144,46
108,0,0.0,0.62,236903,1.58,816.74,18.63,98922,77
1417,5866,0.04,20.95,169490,1.13,584.92,23.58,98357,43
1367,0,0.0,0.62,0,0.0,0.62,23.88,98363,44
1825,106894,0.71,369.65,196214,1.31,676.79,21.94,98153,45
1875,0,0.0,0.62,14469,0.1,50.74,21.32,98146,46
377,12322,0.08,43.31,295466,1.97,1018.57,17.27,98932,83
1608,52707,0.35,182.92,121700,0.81,420.6,22.7,98277,42
515,0,0.0,0.62,70244,0.47,243.41,27.54,98783,32
1645,0,0.0,0.62,105430,0.7,364.62,22.73,98248,42
1744,0,0.0,0.62,0,0.0,0.62,22.32,98180,44
125,0,0.0,0.62,342,0.0,1.81,18.0,98913,81
1327,0,0.0,0.62,66841,0.45,231.68,24.37,98405,43
1829,0,0.0,0.62,13525,0.09,47.48,21.81,98154,46
1731,29108,0.19,101.39,448439,2.99,1550.64,22.38,98180,44
1696,0,0.0,0.62,0,0.0,0.62,22.32,98198,44
1724,0,0.0,0.62,86216,0.57,298.46,22.48,98187,43
609,0,0.0,0.62,0,0.0,0.62,29.68,98767,26
889,0,0.0,0.62,0,0.0,0.62,24.35,98946,38
272,0,0.0,0.62,194467,1.3,670.78,17.2,98913,84
649,0,0.0,0.62,5972,0.04,21.32,29.05,98776,28
1279,0,0.0,0.62,55103,0.37,191.19,24.3,98420,43
1529,118813,0.79,410.67,163164,1.09,563.17,23.24,98311,40
713,0,0.0,0.62,3997,0.03,14.47,29.26,98792,29
375,133764,0.89,462.09,673760,4.49,2359.34,17.27,98930,83
1797,0,0.0,0.62,0,0.0,0.62,21.78,98166,46
879,86921,0.58,300.88,204265,1.36,704.47,24.39,98945,38
444,0,0.0,0.62,0,0.0,0.62,27.58,98889,42
1869,0,0.0,0.62,14346,0.1,50.32,21.31,98142,47
117,38394,0.26,133.49,162788,1.09,561.88,18.19,98911,79
1304,0,0.0,0.62,0,0.0,0.62,24.32,98414,43
626,0,0.0,0.62,103360,0.69,357.49,29.66,98779,27
932,46719,0.31,162.24,319742,2.13,1102.45,31.9,98510,21
1993,0,0.0,0.62,187459,1.25,646.69,20.84,98134,49
1749,0,0.0,0.62,0,0.0,0.62,22.32,98179,44
632,0,0.0,0.62,106572,0.71,368.55,29.4,98779,28
542,274276,1.83,945.46,340686,2.27,1174.95,27.6,98775,30
285,0,0.0,0.62,181616,1.21,626.6,17.12,98909,84
1057,0,0.0,0.62,148441,0.99,512.56,26.8,98424,33
406,0,0.0,0.62,102830,0.69,355.67,17.28,98946,82
921,0,0.0,0.62,0,0.0,0.62,22.43,98945,39
2052,0,0.0,0.62,0,0.0,0.62,20.73,98117,52
2057,67153,0.45,232.75,197418,1.32,680.93,20.73,98121,52
488,0,0.0,0.62,0,0.0,0.62,27.59,98782,35
235,146267,0.98,505.09,345623,2.3,1192.06,17.34,98905,85
132,10790,0.07,38.01,217710,1.45,750.71,18.2,98924,80
1943,0,0.0,0.62,0,0.0,0.62,21.05,98155,48
735,0,0.0,0.62,117285,0.78,405.41,27.59,98786,30
965,0,0.0,0.62,0,0.0,0.62,32.88,98452,21
1928,0,0.0,0.62,113780,0.76,393.35,21.12,98152,47
1722,0,0.0,0.62,0,0.0,0.62,22.49,98188,43
217,233660,1.56,805.58,620898,4.14,2165.97,17.81,98886,83
580,0,0.0,0.62,0,0.0,0.62,28.46,98778,26
187,35898,0.24,124.86,405849,2.71,1401.53,18.02,98893,81
437,0,0.0,0.62,89615,0.6,310.16,27.19,98897,43
862,28694,0.19,99.96,202305,1.35,697.73,24.63,98936,37
1131,0,0.0,0.62,62198,0.41,215.66,25.83,98442,37
540,0,0.0,0.62,28656,0.19,99.83,27.58,98774,30
871,25693,0.17,89.58,127277,0.85,439.78,24.47,98947,37
263,0,0.0,0.62,81884,0.55,283.53,17.18,98907,85
230,26631,0.18,92.83,463967,3.09,1605.24,17.53,98900,84
1360,0,0.0,0.62,85602,0.57,296.34,24.07,98368,44
2007,0,0.0,0.62,0,0.0,0.62,20.96,98127,49
938,0,0.0,0.62,0,0.0,0.62,31.75,98503,21
884,0,0.0,0.62,6516,0.04,23.2,24.39,98944,38
1329,0,0.0,0.62,27653,0.18,96.36,24.24,98400,43
1338,0,0.0,0.62,0,0.0,0.62,24.16,98390,44
188,146994,0.98,507.59,216496,1.44,746.53,18.07,98899,81
727,0,0.0,0.62,93876,0.63,324.84,28.52,98787,28
1637,0,0.0,0.62,102560,0.68,354.74,22.69,98250,42
1892,0,0.0,0.62,122355,0.82,422.85,21.3,98144,46
139,1296,0.01,5.11,179565,1.2,619.55,18.48,98924,79
1356,0,0.0,0.62,0,0.0,0.62,24.07,98372,44
771,0,0.0,0.62,0,0.0,0.62,26.38,98813,33
1628,0,0.0,0.62,30972,0.21,107.84,22.64,98262,43
126,0,0.0,0.62,41303,0.28,143.54,18.03,98916,81
